,id,emotion
0,28510,Sad
1,28514,Contempt
2,28573,Angry
3,25000,Angry
4,25001,Neutral
5,25002,Surprise
6,25003,Happy
7,25004,Sad
8,25005,Surprise
9,25006,Happy
10,25007,Happy
11,25008,Neutral
12,25009,Neutral
13,25010,Surprise
14,25011,Fear
15,25012,Happy
16,25013,Neutral
17,25014,Happy
18,25015,Sad
19,25016,Neutral
20,25017,Happy
21,25018,Neutral
22,25019,Sad
23,25020,Fear
24,25021,Sad
25,25022,Fear
26,25023,Happy
27,25024,Angry
28,25025,Angry
29,25026,Surprise
30,25027,Sad
31,25028,Happy
32,25029,Neutral
33,25030,Happy
34,25031,Fear
35,25032,Fear
36,25033,Happy
37,25034,Sad
38,25035,Surprise
39,25036,Fear
40,25037,Happy
41,25038,Sad
42,25039,Happy
43,25040,Fear
44,25041,Neutral
45,25042,Happy
46,25043,Happy
47,25044,Surprise
48,25045,Angry
49,25046,Fear
50,25047,Neutral
51,25048,Happy
52,25049,Sad
53,25050,Angry
54,25051,Happy
55,25052,Neutral
56,25053,Fear
57,25054,Sad
58,25055,Sad
59,25056,Happy
60,25057,Angry
61,25058,Happy
62,25059,Sad
63,25060,Angry
64,25061,Fear
65,25062,Happy
66,25063,Happy
67,25064,Surprise
68,25065,Sad
69,25066,Angry
70,25067,Happy
71,25068,Sad
72,25069,Sad
73,25070,Neutral
74,25071,Fear
75,25072,Surprise
76,25073,Fear
77,25074,Fear
78,25075,Fear
79,25076,Anger
80,25077,Happy
81,25078,Neutral
82,25079,Neutral
83,25080,Sad
84,25081,Sad
85,25082,Angry
86,25083,Fear
87,25084,Fear
88,25085,Sad
89,25086,Happy
90,25087,Anger
91,25088,Angry
92,25089,Neutral
93,25090,Happy
94,25091,Happy
95,25092,Disgust
96,25093,Happy
97,25094,Angry
98,25095,Disgust
99,25096,Happy
100,25097,Happy
101,25098,Angry
102,25099,Sad
103,25100,Happy
104,25101,Angry
105,25102,Fear
106,25103,Neutral
107,25104,Fear
108,25105,Sad
109,25106,Neutral
110,25107,Surprise
111,25108,Fear
112,25109,Sad
113,25110,Fear
114,25111,Contempt
115,25112,Happy
116,25113,Happy
117,25114,Surprise
118,25115,Fear
119,25116,Fear
120,25117,Sad
121,25118,Happy
122,25119,Sad
123,25120,Fear
124,25121,Happy
125,25122,Sad
126,25123,Happy
127,25124,Happy
128,25125,Contempt
129,25126,Sad
130,25127,Sad
131,25128,Fear
132,25129,Fear
133,25130,Neutral
134,25131,Angry
135,25132,Fear
136,25133,Fear
137,25134,Angry
138,25135,Happy
139,25136,Happy
140,25137,Angry
141,25138,Surprise
142,25139,Fear
143,25140,Sad
144,25141,Sad
145,25142,Sad
146,25143,Surprise
147,25144,Angry
148,25145,Sad
149,25146,Surprise
150,25147,Fear
151,25148,Neutral
152,25149,Fear
153,25150,Happy
154,25151,Sad
155,25152,Fear
156,25153,Surprise
157,25154,Sad
158,25155,Surprise
159,25156,Surprise
160,25157,Happy
161,25158,Fear
162,25159,Happy
163,25160,Happy
164,25161,Disgust
165,25162,Fear
166,25163,Happy
167,25164,Contempt
168,25165,Angry
169,25166,Neutral
170,25167,Happy
171,25168,Fear
172,25169,Angry
173,25170,Sad
174,25171,Happy
175,25172,Angry
176,25173,Neutral
177,25174,Fear
178,25175,Happy
179,25176,Happy
180,25177,Sad
181,25178,Surprise
182,25179,Sad
183,25180,Happy
184,25181,Fear
185,25182,Surprise
186,25183,Angry
187,25184,Happy
188,25185,Sad
189,25186,Happy
190,25187,Sad
191,25188,Surprise
192,25189,Fear
193,25190,Sad
194,25191,Fear
195,25192,Angry
196,25193,Contempt
197,25194,Happy
198,25195,Sad
199,25196,Sad
200,25197,Sad
201,25198,Surprise
202,25199,Happy
203,25200,Neutral
204,25201,Angry
205,25202,Fear
206,25203,Fear
207,25204,Happy
208,25205,Happy
209,25206,Sad
210,25207,Surprise
211,25208,Surprise
212,25209,Angry
213,25210,Angry
214,25211,Neutral
215,25212,Happy
216,25213,Neutral
217,25214,Contempt
218,25215,Fear
219,25216,Sad
220,25217,Sad
221,25218,Sad
222,25219,Neutral
223,25220,Fear
224,25221,Happy
225,25222,Surprise
226,25223,Happy
227,25224,Neutral
228,25225,Sad
229,25226,Surprise
230,25227,Angry
231,25228,Fear
232,25229,Fear
233,25230,Happy
234,25231,Sad
235,25232,Happy
236,25233,Angry
237,25234,Surprise
238,25235,Neutral
239,25236,Sad
240,25237,Angry
241,25238,Disgust
242,25239,Sad
243,25240,Sad
244,25241,Neutral
245,25242,Sad
246,25243,Fear
247,25244,Angry
248,25245,Fear
249,25246,Fear
250,25247,Fear
251,25248,Surprise
252,25249,Happy
253,25250,Sad
254,25251,Happy
255,25252,Disgust
256,25253,Fear
257,25254,Sad
258,25255,Angry
259,25256,Surprise
260,25257,Sad
261,25258,Angry
262,25259,Happy
263,25260,Sad
264,25261,Neutral
265,25262,Angry
266,25263,Fear
267,25264,Happy
268,25265,Surprise
269,25266,Sad
270,25267,Disgust
271,25268,Surprise
272,25269,Angry
273,25270,Happy
274,25271,Happy
275,25272,Happy
276,25273,Angry
277,25274,Surprise
278,25275,Happy
279,25276,Neutral
280,25277,Sad
281,25278,Contempt
282,25279,Happy
283,25280,Surprise
284,25281,Sad
285,25282,Sad
286,25283,Neutral
287,25284,Angry
288,25285,Happy
289,25286,Sad
290,25287,Happy
291,25288,Angry
292,25289,Fear
293,25290,Sad
294,25291,Angry
295,25292,Happy
296,25293,Disgust
297,25294,Angry
298,25295,Neutral
299,25296,Sad
300,25297,Neutral
301,25298,Fear
302,25299,Surprise
303,25300,Surprise
304,25301,Happy
305,25302,Sad
306,25303,Happy
307,25304,Neutral
308,25305,Neutral
309,25306,Fear
310,25307,Neutral
311,25308,Surprise
312,25309,Happy
313,25310,Sad
314,25311,Happy
315,25312,Sad
316,25313,Surprise
317,25314,Sad
318,25315,Sad
319,25316,Surprise
320,25317,Happy
321,25318,Neutral
322,25319,Surprise
323,25320,Happy
324,25321,Happy
325,25322,Happy
326,25323,Happy
327,25324,Neutral
328,25325,Happy
329,25326,Sad
330,25327,Fear
331,25328,Happy
332,25329,Disgust
333,25330,Sad
334,25331,Surprise
335,25332,Surprise
336,25333,Sad
337,25334,Neutral
338,25335,Angry
339,25336,Contempt
340,25337,Happy
341,25338,Surprise
342,25339,Sad
343,25340,Angry
344,25341,Sad
345,25342,Happy
346,25343,Angry
347,25344,Happy
348,25345,Angry
349,25346,Happy
350,25347,Angry
351,25348,Sad
352,25349,Surprise
353,25350,Sad
354,25351,Sad
355,25352,Angry
356,25353,Surprise
357,25354,Happy
358,25355,Sad
359,25356,Sad
360,25357,Happy
361,25358,Neutral
362,25359,Fear
363,25360,Angry
364,25361,Angry
365,25362,Sad
366,25363,Angry
367,25364,Sad
368,25365,Happy
369,25366,Happy
370,25367,Happy
371,25368,Sad
372,25369,Sad
373,25370,Neutral
374,25371,Happy
375,25372,Neutral
376,25373,Sad
377,25374,Angry
378,25375,Sad
379,25376,Neutral
380,25377,Sad
381,25378,Happy
382,25379,Sad
383,25380,Happy
384,25381,Sad
385,25382,Happy
386,25383,Happy
387,25384,Angry
388,25385,Happy
389,25386,Fear
390,25387,Sad
391,25388,Fear
392,25389,Neutral
393,25390,Surprise
394,25391,Neutral
395,25392,Angry
396,25393,Contempt
397,25394,Neutral
398,25395,Sad
399,25396,Happy
400,25397,Happy
401,25398,Happy
402,25399,Angry
403,25400,Sad
404,25401,Neutral
405,25402,Surprise
406,25403,Surprise
407,25404,Neutral
408,25405,Fear
409,25406,Sad
410,25407,Sad
411,25408,Happy
412,25409,Neutral
413,25410,Sad
414,25411,Sad
415,25412,Sad
416,25413,Happy
417,25414,Happy
418,25415,Happy
419,25416,Surprise
420,25417,Happy
421,25418,Neutral
422,25419,Disgust
423,25420,Happy
424,25421,Angry
425,25422,Neutral
426,25423,Sad
427,25424,Angry
428,25425,Sad
429,25426,Sad
430,25427,Surprise
431,25428,Happy
432,25429,Happy
433,25430,Sad
434,25431,Happy
435,25432,Surprise
436,25433,Neutral
437,25434,Fear
438,25435,Fear
439,25436,Happy
440,25437,Sad
441,25438,Happy
442,25439,Fear
443,25440,Happy
444,25441,Surprise
445,25442,Fear
446,25443,Happy
447,25444,Sad
448,25445,Happy
449,25446,Happy
450,25447,Fear
451,25448,Sad
452,25449,Neutral
453,25450,Neutral
454,25451,Neutral
455,25452,Happy
456,25453,Happy
457,25454,Happy
458,25455,Happy
459,25456,Happy
460,25457,Fear
461,25458,Happy
462,25459,Happy
463,25460,Happy
464,25461,Angry
465,25462,Sad
466,25463,Sad
467,25464,Fear
468,25465,Happy
469,25466,Fear
470,25467,Sad
471,25468,Happy
472,25469,Happy
473,25470,Happy
474,25471,Fear
475,25472,Happy
476,25473,Surprise
477,25474,Angry
478,25475,Fear
479,25476,Happy
480,25477,Happy
481,25478,Neutral
482,25479,Neutral
483,25480,Surprise
484,25481,Sad
485,25483,Surprise
486,25484,Fear
487,25485,Fear
488,25486,Contempt
489,25487,Sad
490,25488,Surprise
491,25489,Surprise
492,25490,Surprise
493,25491,Surprise
494,25492,Surprise
495,25493,Angry
496,25494,Sad
497,25495,Happy
498,25496,Sad
499,25497,Neutral
500,25498,Angry
501,25499,Neutral
502,25500,Happy
503,25501,Fear
504,25502,Surprise
505,25503,Sad
506,25504,Sad
507,25505,Happy
508,25506,Happy
509,25507,Sad
510,25508,Surprise
511,25509,Contempt
512,25510,Sad
513,25511,Angry
514,25512,Fear
515,25513,Happy
516,25514,Neutral
517,25515,Angry
518,25516,Neutral
519,25517,Happy
520,25518,Happy
521,25519,Neutral
522,25520,Happy
523,25521,Sad
524,25522,Surprise
525,25523,Happy
526,25524,Neutral
527,25525,Fear
528,25526,Fear
529,25527,Sad
530,25528,Angry
531,25529,Fear
532,25530,Fear
533,25531,Neutral
534,25532,Angry
535,25533,Happy
536,25534,Angry
537,25535,Sad
538,25536,Fear
539,25537,Sad
540,25538,Disgust
541,25539,Surprise
542,25540,Sad
543,25541,Disgust
544,25542,Angry
545,25543,Sad
546,25544,Sad
547,25545,Sad
548,25546,Neutral
549,25547,Surprise
550,25548,Sad
551,25549,Sad
552,25550,Fear
553,25551,Happy
554,25552,Happy
555,25553,Sad
556,25554,Neutral
557,25555,Fear
558,25556,Fear
559,25557,Sad
560,25558,Angry
561,25559,Neutral
562,25560,Surprise
563,25561,Surprise
564,25562,Happy
565,25563,Surprise
566,25564,Happy
567,25565,Happy
568,25566,Angry
569,25567,Happy
570,25568,Sad
571,25569,Sad
572,25570,Fear
573,25571,Surprise
574,25572,Happy
575,25573,Neutral
576,25574,Happy
577,25575,Neutral
578,25576,Sad
579,25577,Fear
580,25578,Happy
581,25579,Fear
582,25580,Surprise
583,25581,Surprise
584,25582,Sad
585,25583,Contempt
586,25584,Happy
587,25585,Contempt
588,25586,Angry
589,25587,Happy
590,25588,Sad
591,25589,Sad
592,25590,Sad
593,25591,Happy
594,25592,Neutral
595,25593,Neutral
596,25594,Fear
597,25595,Fear
598,25596,Fear
599,25597,Sad
600,25598,Angry
601,25599,Neutral
602,25600,Sad
603,25601,Happy
604,25602,Happy
605,25603,Happy
606,25604,Happy
607,25605,Fear
608,25606,Sad
609,25607,Disgust
610,25608,Sad
611,25609,Happy
612,25610,Surprise
613,25611,Fear
614,25612,Angry
615,25613,Neutral
616,25614,Angry
617,25615,Neutral
618,25616,Angry
619,25617,Sad
620,25618,Sad
621,25619,Sad
622,25620,Happy
623,25621,Fear
624,25622,Happy
625,25623,Fear
626,25624,Happy
627,25625,Happy
628,25626,Angry
629,25627,Neutral
630,25628,Sad
631,25629,Happy
632,25630,Happy
633,25631,Happy
634,25632,Sad
635,25633,Happy
636,25634,Angry
637,25635,Happy
638,25636,Surprise
639,25637,Contempt
640,25638,Sad
641,25639,Fear
642,25640,Happy
643,25641,Happy
644,25642,Angry
645,25643,Angry
646,25644,Sad
647,25645,Happy
648,25646,Fear
649,25647,Fear
650,25648,Sad
651,25649,Happy
652,25650,Sad
653,25651,Angry
654,25652,Happy
655,25653,Happy
656,25654,Happy
657,25655,Fear
658,25656,Happy
659,25657,Disgust
660,25658,Happy
661,25659,Fear
662,25660,Sad
663,25661,Surprise
664,25662,Fear
665,25663,Angry
666,25664,Sad
667,25665,Surprise
668,25666,Happy
669,25667,Happy
670,25668,Happy
671,25669,Angry
672,25670,Angry
673,25671,Happy
674,25672,Happy
675,25673,Happy
676,25674,Surprise
677,25675,Happy
678,25676,Happy
679,25677,Surprise
680,25678,Neutral
681,25679,Fear
682,25680,Angry
683,25681,Angry
684,25682,Neutral
685,25683,Fear
686,25684,Happy
687,25685,Neutral
688,25686,Happy
689,25687,Angry
690,25688,Angry
691,25689,Surprise
692,25690,Sad
693,25691,Happy
694,25692,Happy
695,25693,Neutral
696,25694,Happy
697,25695,Neutral
698,25696,Fear
699,25697,Sad
700,25698,Fear
701,25699,Surprise
702,25700,Sad
703,25701,Neutral
704,25702,Sad
705,25703,Happy
706,25704,Disgust
707,25705,Happy
708,25706,Happy
709,25707,Fear
710,25708,Happy
711,25709,Fear
712,25710,Fear
713,25711,Fear
714,25712,Angry
715,25713,Angry
716,25714,Happy
717,25715,Surprise
718,25716,Surprise
719,25717,Disgust
720,25718,Neutral
721,25719,Happy
722,25720,Happy
723,25721,Angry
724,25722,Happy
725,25723,Neutral
726,25724,Surprise
727,25725,Sad
728,25726,Sad
729,25727,Surprise
730,25728,Neutral
731,25729,Happy
732,25730,Surprise
733,25731,Happy
734,25732,Neutral
735,25733,Sad
736,25734,Sad
737,25735,Neutral
738,25736,Sad
739,25737,Happy
740,25738,Happy
741,25739,Fear
742,25740,Angry
743,25741,Surprise
744,25742,Surprise
745,25743,Fear
746,25744,Happy
747,25745,Neutral
748,25746,Surprise
749,25747,Happy
750,25748,Happy
751,25749,Disgust
752,25750,Surprise
753,25751,Surprise
754,25752,Fear
755,25753,Angry
756,25754,Fear
757,25755,Fear
758,25756,Sad
759,25757,Sad
760,25758,Neutral
761,25759,Happy
762,25760,Fear
763,25761,Fear
764,25762,Fear
765,25763,Neutral
766,25764,Neutral
767,25765,Surprise
768,25766,Happy
769,25767,Angry
770,25768,Happy
771,25769,Happy
772,25770,Angry
773,25771,Angry
774,25772,Neutral
775,25773,Neutral
776,25774,Surprise
777,25775,Happy
778,25776,Surprise
779,25777,Happy
780,25778,Angry
781,25779,Sad
782,25780,Happy
783,25781,Surprise
784,25782,Surprise
785,25783,Angry
786,25784,Sad
787,25785,Surprise
788,25786,Happy
789,25787,Angry
790,25788,Angry
791,25789,Happy
792,25790,Surprise
793,25791,Sad
794,25792,Happy
795,25793,Angry
796,25794,Angry
797,25795,Angry
798,25796,Surprise
799,25797,Neutral
800,25798,Fear
801,25799,Neutral
802,25800,Neutral
803,25801,Neutral
804,25802,Disgust
805,25803,Sad
806,25804,Happy
807,25805,Neutral
808,25806,Neutral
809,25807,Angry
810,25808,Angry
811,25809,Happy
812,25810,Neutral
813,25811,Angry
814,25812,Sad
815,25813,Angry
816,25814,Happy
817,25815,Happy
818,25816,Surprise
819,25817,Neutral
820,25818,Neutral
821,25819,Sad
822,25820,Fear
823,25821,Happy
824,25822,Surprise
825,25823,Sad
826,25824,Neutral
827,25825,Angry
828,25826,Anger
829,25827,Happy
830,25828,Happy
831,25829,Happy
832,25830,Sad
833,25831,Angry
834,25832,Sad
835,25833,Angry
836,25834,Fear
837,25835,Sad
838,25836,Surprise
839,25837,Happy
840,25838,Sad
841,25839,Happy
842,25840,Fear
843,25841,Sad
844,25842,Angry
845,25843,Sad
846,25844,Angry
847,25845,Fear
848,25846,Happy
849,25847,Disgust
850,25848,Happy
851,25849,Neutral
852,25850,Happy
853,25851,Neutral
854,25852,Fear
855,25853,Angry
856,25854,Happy
857,25855,Happy
858,25856,Surprise
859,25857,Fear
860,25858,Fear
861,25859,Happy
862,25860,Sad
863,25861,Sad
864,25862,Neutral
865,25863,Sad
866,25864,Neutral
867,25865,Fear
868,25866,Angry
869,25867,Neutral
870,25868,Neutral
871,25869,Happy
872,25870,Happy
873,25871,Fear
874,25872,Fear
875,25873,Happy
876,25874,Angry
877,25875,Sad
878,25876,Angry
879,25877,Fear
880,25878,Neutral
881,25879,Happy
882,25880,Surprise
883,25881,Contempt
884,25882,Happy
885,25883,Angry
886,25884,Neutral
887,25885,Fear
888,25886,Angry
889,25887,Happy
890,25888,Neutral
891,25889,Happy
892,25890,Sad
893,25891,Angry
894,25892,Surprise
895,25893,Neutral
896,25894,Surprise
897,25895,Neutral
898,25896,Happy
899,25897,Angry
900,25898,Fear
901,25899,Happy
902,25900,Sad
903,25901,Happy
904,25902,Happy
905,25903,Sad
906,25904,Angry
907,25905,Fear
908,25906,Surprise
909,25907,Happy
910,25908,Angry
911,25910,Fear
912,25911,Angry
913,25912,Fear
914,25913,Neutral
915,25914,Fear
916,25915,Contempt
917,25916,Surprise
918,25917,Happy
919,25918,Sad
920,25919,Neutral
921,25920,Neutral
922,25921,Neutral
923,25922,Angry
924,25923,Sad
925,25924,Angry
926,25925,Surprise
927,25926,Fear
928,25927,Fear
929,25928,Angry
930,25929,Surprise
931,25930,Disgust
932,25931,Neutral
933,25932,Sad
934,25933,Happy
935,25934,Surprise
936,25935,Happy
937,25936,Happy
938,25937,Happy
939,25938,Neutral
940,25939,Neutral
941,25940,Fear
942,25941,Fear
943,25942,Sad
944,25943,Sad
945,25944,Angry
946,25945,Disgust
947,25946,Happy
948,25947,Happy
949,25948,Happy
950,25949,Happy
951,25950,Angry
952,25951,Sad
953,25952,Neutral
954,25953,Neutral
955,25954,Surprise
956,25955,Disgust
957,25956,Fear
958,25957,Sad
959,25958,Neutral
960,25959,Surprise
961,25960,Neutral
962,25961,Sad
963,25962,Neutral
964,25963,Sad
965,25964,Angry
966,25965,Sad
967,25966,Happy
968,25967,Surprise
969,25968,Surprise
970,25969,Neutral
971,25970,Neutral
972,25971,Neutral
973,25972,Happy
974,25973,Angry
975,25974,Angry
976,25975,Neutral
977,25976,Neutral
978,25977,Angry
979,25978,Neutral
980,25979,Contempt
981,25980,Neutral
982,25981,Happy
983,25982,Happy
984,25983,Sad
985,25984,Neutral
986,25985,Sad
987,25986,Happy
988,25987,Happy
989,25988,Surprise
990,25989,Fear
991,25990,Happy
992,25991,Neutral
993,25992,Happy
994,25993,Happy
995,25994,Neutral
996,25995,Surprise
997,25996,Happy
998,25997,Fear
999,25998,Neutral
1000,25999,Neutral
1001,26000,Surprise
1002,26001,Surprise
1003,26002,Disgust
1004,26003,Surprise
1005,26004,Neutral
1006,26005,Sad
1007,26006,Sad
1008,26007,Happy
1009,26008,Angry
1010,26009,Neutral
1011,26010,Surprise
1012,26011,Happy
1013,26012,Sad
1014,26013,Neutral
1015,26014,Neutral
1016,26015,Happy
1017,26016,Happy
1018,26017,Neutral
1019,26018,Happy
1020,26019,Fear
1021,26020,Happy
1022,26021,Fear
1023,26022,Fear
1024,26023,Neutral
1025,26024,Neutral
1026,26025,Disgust
1027,26026,Happy
1028,26027,Happy
1029,26028,Angry
1030,26029,Surprise
1031,26030,Sad
1032,26031,Happy
1033,26032,Happy
1034,26033,Happy
1035,26034,Happy
1036,26035,Surprise
1037,26036,Neutral
1038,26037,Neutral
1039,26038,Angry
1040,26039,Fear
1041,26040,Sad
1042,26041,Neutral
1043,26042,Neutral
1044,26043,Neutral
1045,26044,Fear
1046,26045,Disgust
1047,26046,Happy
1048,26047,Surprise
1049,26048,Fear
1050,26049,Neutral
1051,26050,Happy
1052,26051,Angry
1053,26052,Angry
1054,26053,Sad
1055,26054,Fear
1056,26055,Happy
1057,26056,Neutral
1058,26057,Happy
1059,26058,Sad
1060,26059,Angry
1061,26060,Happy
1062,26061,Happy
1063,26062,Sad
1064,26063,Surprise
1065,26064,Sad
1066,26065,Neutral
1067,26066,Sad
1068,26067,Happy
1069,26068,Happy
1070,26069,Neutral
1071,26070,Disgust
1072,26071,Sad
1073,26072,Happy
1074,26073,Sad
1075,26074,Surprise
1076,26075,Angry
1077,26076,Surprise
1078,26077,Happy
1079,26078,Neutral
1080,26079,Sad
1081,26080,Happy
1082,26081,Fear
1083,26082,Contempt
1084,26083,Neutral
1085,26084,Angry
1086,26085,Happy
1087,26086,Surprise
1088,26087,Surprise
1089,26088,Angry
1090,26089,Angry
1091,26090,Happy
1092,26091,Angry
1093,26092,Happy
1094,26093,Happy
1095,26094,Neutral
1096,26095,Sad
1097,26096,Angry
1098,26097,Sad
1099,26098,Happy
1100,26099,Angry
1101,26100,Angry
1102,26101,Surprise
1103,26102,Surprise
1104,26103,Neutral
1105,26104,Happy
1106,26105,Sad
1107,26106,Contempt
1108,26107,Happy
1109,26108,Surprise
1110,26109,Neutral
1111,26110,Happy
1112,26111,Contempt
1113,26112,Neutral
1114,26113,Happy
1115,26114,Fear
1116,26115,Fear
1117,26116,Sad
1118,26117,Fear
1119,26118,Sad
1120,26119,Happy
1121,26120,Surprise
1122,26121,Angry
1123,26122,Angry
1124,26123,Angry
1125,26124,Angry
1126,26125,Happy
1127,26126,Neutral
1128,26127,Angry
1129,26128,Happy
1130,26129,Surprise
1131,26130,Surprise
1132,26131,Fear
1133,26132,Surprise
1134,26133,Surprise
1135,26134,Neutral
1136,26135,Surprise
1137,26136,Surprise
1138,26137,Angry
1139,26138,Neutral
1140,26139,Angry
1141,26140,Happy
1142,26141,Surprise
1143,26142,Sad
1144,26143,Happy
1145,26144,Happy
1146,26145,Sad
1147,26146,Angry
1148,26147,Happy
1149,26148,Surprise
1150,26149,Angry
1151,26150,Happy
1152,26151,Neutral
1153,26152,Surprise
1154,26153,Neutral
1155,26154,Neutral
1156,26155,Happy
1157,26156,Surprise
1158,26157,Fear
1159,26158,Happy
1160,26159,Happy
1161,26160,Happy
1162,26161,Neutral
1163,26162,Angry
1164,26163,Angry
1165,26164,Anger
1166,26165,Neutral
1167,26166,Happy
1168,26167,Neutral
1169,26168,Angry
1170,26169,Happy
1171,26170,Angry
1172,26171,Fear
1173,26172,Neutral
1174,26173,Surprise
1175,26174,Angry
1176,26175,Angry
1177,26176,Surprise
1178,26177,Disgust
1179,26178,Angry
1180,26179,Fear
1181,26180,Surprise
1182,26181,Angry
1183,26182,Angry
1184,26183,Sad
1185,26184,Angry
1186,26185,Angry
1187,26186,Surprise
1188,26187,Angry
1189,26188,Neutral
1190,26189,Neutral
1191,26190,Neutral
1192,26191,Happy
1193,26192,Neutral
1194,26193,Angry
1195,26194,Sad
1196,26195,Neutral
1197,26196,Happy
1198,26197,Happy
1199,26198,Sad
1200,26199,Neutral
1201,26200,Neutral
1202,26201,Happy
1203,26202,Sad
1204,26203,Sad
1205,26204,Surprise
1206,26205,Happy
1207,26206,Happy
1208,26207,Happy
1209,26208,Fear
1210,26209,Neutral
1211,26210,Fear
1212,26211,Fear
1213,26212,Happy
1214,26213,Sad
1215,26214,Happy
1216,26215,Surprise
1217,26216,Happy
1218,26217,Neutral
1219,26218,Neutral
1220,26219,Surprise
1221,26220,Sad
1222,26221,Angry
1223,26222,Happy
1224,26223,Neutral
1225,26224,Happy
1226,26225,Neutral
1227,26226,Angry
1228,26227,Neutral
1229,26228,Angry
1230,26229,Fear
1231,26230,Sad
1232,26231,Sad
1233,26232,Sad
1234,26233,Neutral
1235,26234,Surprise
1236,26235,Surprise
1237,26236,Sad
1238,26237,Neutral
1239,26238,Happy
1240,26239,Fear
1241,26240,Contempt
1242,26241,Happy
1243,26242,Happy
1244,26243,Surprise
1245,26244,Happy
1246,26245,Sad
1247,26246,Sad
1248,26247,Happy
1249,26248,Angry
1250,26249,Sad
1251,26250,Fear
1252,26251,Neutral
1253,26252,Happy
1254,26253,Fear
1255,26254,Sad
1256,26255,Angry
1257,26256,Contempt
1258,26257,Happy
1259,26258,Happy
1260,26259,Angry
1261,26260,Happy
1262,26261,Happy
1263,26262,Happy
1264,26263,Angry
1265,26264,Angry
1266,26265,Sad
1267,26266,Happy
1268,26267,Angry
1269,26268,Neutral
1270,26269,Sad
1271,26270,Sad
1272,26271,Neutral
1273,26272,Neutral
1274,26273,Surprise
1275,26274,Happy
1276,26275,Fear
1277,26276,Sad
1278,26277,Sad
1279,26278,Neutral
1280,26279,Happy
1281,26280,Neutral
1282,26281,Neutral
1283,26282,Happy
1284,26283,Fear
1285,26284,Happy
1286,26285,Fear
1287,26286,Sad
1288,26287,Sad
1289,26288,Happy
1290,26289,Happy
1291,26290,Happy
1292,26291,Angry
1293,26292,Sad
1294,26293,Happy
1295,26294,Fear
1296,26295,Neutral
1297,26296,Sad
1298,26297,Sad
1299,26298,Angry
1300,26299,Sad
1301,26300,Happy
1302,26301,Contempt
1303,26302,Angry
1304,26303,Sad
1305,26304,Neutral
1306,26305,Sad
1307,26306,Happy
1308,26307,Happy
1309,26308,Happy
1310,26309,Surprise
1311,26310,Happy
1312,26311,Contempt
1313,26312,Sad
1314,26313,Sad
1315,26314,Happy
1316,26315,Surprise
1317,26316,Angry
1318,26317,Happy
1319,26318,Neutral
1320,26319,Fear
1321,26320,Sad
1322,26321,Sad
1323,26322,Neutral
1324,26323,Sad
1325,26324,Disgust
1326,26325,Disgust
1327,26326,Neutral
1328,26327,Disgust
1329,26328,Sad
1330,26329,Sad
1331,26330,Sad
1332,26331,Angry
1333,26332,Surprise
1334,26333,Fear
1335,26334,Fear
1336,26335,Neutral
1337,26336,Sad
1338,26337,Angry
1339,26338,Happy
1340,26339,Sad
1341,26340,Neutral
1342,26341,Sad
1343,26342,Neutral
1344,26343,Sad
1345,26344,Angry
1346,26345,Happy
1347,26346,Sad
1348,26347,Happy
1349,26348,Happy
1350,26349,Surprise
1351,26350,Happy
1352,26351,Surprise
1353,26352,Happy
1354,26353,Fear
1355,26354,Disgust
1356,26355,Sad
1357,26356,Happy
1358,26357,Happy
1359,26358,Angry
1360,26359,Happy
1361,26360,Happy
1362,26361,Surprise
1363,26362,Surprise
1364,26363,Fear
1365,26364,Neutral
1366,26365,Surprise
1367,26366,Sad
1368,26367,Sad
1369,26368,Sad
1370,26369,Sad
1371,26370,Happy
1372,26371,Happy
1373,26372,Fear
1374,26373,Happy
1375,26374,Happy
1376,26375,Happy
1377,26376,Neutral
1378,26377,Fear
1379,26378,Sad
1380,26379,Fear
1381,26380,Happy
1382,26381,Angry
1383,26382,Neutral
1384,26384,Angry
1385,26385,Fear
1386,26386,Fear
1387,26387,Angry
1388,26388,Neutral
1389,26389,Surprise
1390,26390,Neutral
1391,26391,Angry
1392,26392,Sad
1393,26393,Happy
1394,26394,Disgust
1395,26395,Disgust
1396,26396,Angry
1397,26397,Happy
1398,26398,Sad
1399,26399,Angry
1400,26400,Neutral
1401,26401,Neutral
1402,26402,Fear
1403,26403,Surprise
1404,26404,Sad
1405,26405,Happy
1406,26406,Happy
1407,26407,Neutral
1408,26408,Sad
1409,26409,Fear
1410,26410,Sad
1411,26411,Happy
1412,26412,Neutral
1413,26413,Sad
1414,26414,Angry
1415,26415,Happy
1416,26416,Surprise
1417,26417,Neutral
1418,26418,Fear
1419,26419,Contempt
1420,26420,Sad
1421,26421,Happy
1422,26422,Surprise
1423,26423,Sad
1424,26424,Sad
1425,26425,Neutral
1426,26426,Happy
1427,26427,Surprise
1428,26428,Fear
1429,26429,Surprise
1430,26430,Happy
1431,26431,Sad
1432,26432,Angry
1433,26433,Neutral
1434,26434,Happy
1435,26435,Happy
1436,26436,Sad
1437,26437,Neutral
1438,26438,Neutral
1439,26439,Angry
1440,26440,Happy
1441,26441,Sad
1442,26442,Fear
1443,26443,Sad
1444,26444,Surprise
1445,26445,Sad
1446,26446,Angry
1447,26447,Sad
1448,26448,Surprise
1449,26449,Sad
1450,26450,Surprise
1451,26451,Neutral
1452,26452,Surprise
1453,26453,Neutral
1454,26454,Fear
1455,26455,Surprise
1456,26456,Happy
1457,26457,Fear
1458,26458,Happy
1459,26459,Happy
1460,26460,Happy
1461,26461,Happy
1462,26462,Angry
1463,26463,Angry
1464,26464,Neutral
1465,26465,Happy
1466,26466,Neutral
1467,26467,Surprise
1468,26468,Happy
1469,26469,Fear
1470,26470,Sad
1471,26471,Angry
1472,26472,Sad
1473,26473,Sad
1474,26474,Happy
1475,26475,Fear
1476,26476,Fear
1477,26477,Happy
1478,26478,Happy
1479,26479,Happy
1480,26480,Disgust
1481,26481,Fear
1482,26482,Happy
1483,26483,Surprise
1484,26484,Sad
1485,26485,Surprise
1486,26486,Sad
1487,26487,Surprise
1488,26488,Surprise
1489,26489,Disgust
1490,26490,Angry
1491,26491,Sad
1492,26492,Neutral
1493,26493,Neutral
1494,26494,Sad
1495,26495,Neutral
1496,26496,Fear
1497,26497,Happy
1498,26498,Contempt
1499,26499,Disgust
1500,26500,Surprise
1501,26501,Sad
1502,26502,Happy
1503,26503,Happy
1504,26504,Sad
1505,26505,Neutral
1506,26506,Happy
1507,26507,Happy
1508,26508,Sad
1509,26509,Neutral
1510,26510,Sad
1511,26511,Happy
1512,26512,Surprise
1513,26513,Happy
1514,26514,Neutral
1515,26515,Neutral
1516,26516,Fear
1517,26517,Happy
1518,26518,Neutral
1519,26519,Sad
1520,26520,Fear
1521,26521,Sad
1522,26522,Neutral
1523,26523,Neutral
1524,26524,Neutral
1525,26525,Happy
1526,26526,Fear
1527,26527,Happy
1528,26528,Happy
1529,26529,Sad
1530,26530,Angry
1531,26531,Surprise
1532,26532,Happy
1533,26533,Fear
1534,26534,Angry
1535,26535,Happy
1536,26536,Neutral
1537,26537,Fear
1538,26538,Anger
1539,26539,Neutral
1540,26540,Happy
1541,26541,Fear
1542,26542,Surprise
1543,26543,Angry
1544,26544,Disgust
1545,26545,Neutral
1546,26546,Sad
1547,26547,Angry
1548,26548,Neutral
1549,26549,Angry
1550,26550,Neutral
1551,26551,Surprise
1552,26552,Happy
1553,26553,Sad
1554,26554,Happy
1555,26555,Angry
1556,26556,Happy
1557,26557,Surprise
1558,26558,Sad
1559,26559,Happy
1560,26560,Sad
1561,26561,Neutral
1562,26562,Sad
1563,26563,Happy
1564,26564,Happy
1565,26565,Happy
1566,26566,Angry
1567,26567,Happy
1568,26568,Happy
1569,26569,Fear
1570,26570,Neutral
1571,26571,Angry
1572,26572,Fear
1573,26573,Fear
1574,26574,Angry
1575,26575,Surprise
1576,26576,Contempt
1577,26577,Disgust
1578,26578,Happy
1579,26579,Happy
1580,26580,Sad
1581,26581,Contempt
1582,26582,Fear
1583,26583,Sad
1584,26584,Neutral
1585,26585,Angry
1586,26586,Sad
1587,26587,Neutral
1588,26588,Fear
1589,26589,Surprise
1590,26590,Happy
1591,26591,Happy
1592,26592,Sad
1593,26593,Happy
1594,26594,Surprise
1595,26595,Angry
1596,26596,Neutral
1597,26597,Disgust
1598,26598,Happy
1599,26599,Angry
1600,26600,Sad
1601,26601,Happy
1602,26602,Angry
1603,26603,Disgust
1604,26604,Happy
1605,26605,Angry
1606,26606,Angry
1607,26607,Sad
1608,26608,Happy
1609,26609,Happy
1610,26610,Fear
1611,26611,Happy
1612,26612,Sad
1613,26613,Sad
1614,26614,Neutral
1615,26615,Sad
1616,26616,Happy
1617,26617,Angry
1618,26618,Surprise
1619,26619,Neutral
1620,26620,Contempt
1621,26621,Happy
1622,26622,Happy
1623,26623,Happy
1624,26624,Happy
1625,26625,Angry
1626,26626,Surprise
1627,26627,Fear
1628,26628,Fear
1629,26629,Neutral
1630,26630,Contempt
1631,26631,Surprise
1632,26632,Sad
1633,26633,Sad
1634,26634,Sad
1635,26635,Neutral
1636,26636,Angry
1637,26637,Surprise
1638,26638,Happy
1639,26639,Neutral
1640,26640,Surprise
1641,26641,Sad
1642,26642,Sad
1643,26643,Neutral
1644,26644,Happy
1645,26645,Neutral
1646,26646,Sad
1647,26647,Neutral
1648,26648,Happy
1649,26649,Neutral
1650,26650,Happy
1651,26651,Fear
1652,26652,Neutral
1653,26653,Sad
1654,26654,Disgust
1655,26655,Angry
1656,26656,Surprise
1657,26657,Disgust
1658,26658,Angry
1659,26659,Happy
1660,26660,Happy
1661,26661,Surprise
1662,26662,Fear
1663,26663,Neutral
1664,26664,Angry
1665,26665,Happy
1666,26666,Happy
1667,26667,Happy
1668,26668,Happy
1669,26669,Fear
1670,26670,Sad
1671,26671,Happy
1672,26672,Happy
1673,26673,Sad
1674,26674,Surprise
1675,26675,Sad
1676,26676,Happy
1677,26677,Happy
1678,26678,Surprise
1679,26679,Angry
1680,26680,Neutral
1681,26681,Angry
1682,26682,Neutral
1683,26683,Sad
1684,26684,Fear
1685,26685,Neutral
1686,26686,Angry
1687,26687,Happy
1688,26688,Neutral
1689,26689,Surprise
1690,26690,Happy
1691,26691,Neutral
1692,26692,Happy
1693,26693,Fear
1694,26694,Happy
1695,26695,Fear
1696,26696,Happy
1697,26697,Happy
1698,26698,Fear
1699,26699,Angry
1700,26700,Angry
1701,26701,Angry
1702,26702,Sad
1703,26703,Happy
1704,26704,Neutral
1705,26705,Surprise
1706,26706,Fear
1707,26707,Happy
1708,26708,Surprise
1709,26709,Happy
1710,26710,Angry
1711,26711,Angry
1712,26712,Angry
1713,26713,Neutral
1714,26714,Angry
1715,26715,Neutral
1716,26716,Angry
1717,26717,Fear
1718,26718,Angry
1719,26719,Angry
1720,26720,Happy
1721,26721,Angry
1722,26722,Neutral
1723,26723,Angry
1724,26724,Happy
1725,26725,Angry
1726,26726,Contempt
1727,26727,Fear
1728,26728,Happy
1729,26729,Disgust
1730,26730,Surprise
1731,26731,Happy
1732,26732,Fear
1733,26733,Neutral
1734,26734,Happy
1735,26735,Surprise
1736,26736,Happy
1737,26737,Happy
1738,26738,Neutral
1739,26739,Angry
1740,26740,Angry
1741,26741,Contempt
1742,26742,Happy
1743,26743,Happy
1744,26744,Fear
1745,26745,Angry
1746,26746,Happy
1747,26747,Sad
1748,26748,Happy
1749,26749,Happy
1750,26750,Happy
1751,26751,Angry
1752,26752,Happy
1753,26753,Sad
1754,26754,Neutral
1755,26755,Angry
1756,26756,Neutral
1757,26757,Neutral
1758,26758,Happy
1759,26759,Fear
1760,26760,Surprise
1761,26761,Happy
1762,26762,Sad
1763,26763,Fear
1764,26764,Angry
1765,26765,Happy
1766,26766,Happy
1767,26767,Neutral
1768,26768,Contempt
1769,26769,Sad
1770,26770,Fear
1771,26771,Neutral
1772,26772,Sad
1773,26773,Angry
1774,26774,Neutral
1775,26775,Happy
1776,26776,Sad
1777,26777,Sad
1778,26778,Sad
1779,26779,Surprise
1780,26780,Contempt
1781,26781,Happy
1782,26782,Happy
1783,26783,Angry
1784,26784,Surprise
1785,26785,Happy
1786,26786,Sad
1787,26787,Surprise
1788,26788,Fear
1789,26789,Angry
1790,26790,Neutral
1791,26791,Sad
1792,26792,Neutral
1793,26793,Surprise
1794,26794,Sad
1795,26795,Disgust
1796,26796,Angry
1797,26797,Happy
1798,26798,Neutral
1799,26799,Neutral
1800,26800,Surprise
1801,26801,Happy
1802,26802,Fear
1803,26803,Happy
1804,26804,Sad
1805,26805,Fear
1806,26806,Fear
1807,26807,Neutral
1808,26808,Neutral
1809,26809,Neutral
1810,26810,Sad
1811,26811,Contempt
1812,26812,Fear
1813,26813,Happy
1814,26814,Happy
1815,26815,Happy
1816,26816,Neutral
1817,26817,Happy
1818,26818,Happy
1819,26819,Happy
1820,26820,Surprise
1821,26821,Sad
1822,26822,Disgust
1823,26823,Neutral
1824,26824,Surprise
1825,26825,Surprise
1826,26826,Happy
1827,26827,Happy
1828,26828,Happy
1829,26829,Contempt
1830,26830,Happy
1831,26831,Happy
1832,26832,Happy
1833,26833,Sad
1834,26834,Sad
1835,26835,Sad
1836,26836,Happy
1837,26837,Sad
1838,26838,Surprise
1839,26839,Neutral
1840,26840,Happy
1841,26841,Happy
1842,26842,Disgust
1843,26843,Surprise
1844,26844,Disgust
1845,26845,Happy
1846,26846,Angry
1847,26847,Happy
1848,26848,Fear
1849,26849,Happy
1850,26850,Happy
1851,26851,Neutral
1852,26852,Fear
1853,26853,Happy
1854,26854,Angry
1855,26855,Happy
1856,26856,Happy
1857,26857,Disgust
1858,26858,Angry
1859,26859,Disgust
1860,26861,Angry
1861,26862,Neutral
1862,26863,Fear
1863,26864,Disgust
1864,26865,Happy
1865,26866,Disgust
1866,26867,Happy
1867,26868,Angry
1868,26869,Disgust
1869,26870,Happy
1870,26871,Happy
1871,26872,Happy
1872,26873,Happy
1873,26874,Surprise
1874,26875,Surprise
1875,26876,Neutral
1876,26877,Happy
1877,26878,Happy
1878,26879,Disgust
1879,26880,Surprise
1880,26881,Angry
1881,26882,Neutral
1882,26883,Neutral
1883,26884,Neutral
1884,26885,Neutral
1885,26886,Angry
1886,26887,Neutral
1887,26888,Happy
1888,26889,Fear
1889,26890,Sad
1890,26891,Happy
1891,26892,Happy
1892,26893,Happy
1893,26894,Sad
1894,26895,Contempt
1895,26896,Happy
1896,26898,Happy
1897,26899,Angry
1898,26900,Angry
1899,26901,Neutral
1900,26902,Angry
1901,26903,Sad
1902,26904,Angry
1903,26905,Neutral
1904,26906,Happy
1905,26907,Surprise
1906,26908,Sad
1907,26909,Happy
1908,26910,Surprise
1909,26911,Sad
1910,26912,Happy
1911,26913,Happy
1912,26914,Surprise
1913,26915,Fear
1914,26916,Fear
1915,26917,Happy
1916,26918,Sad
1917,26919,Angry
1918,26920,Contempt
1919,26921,Surprise
1920,26922,Happy
1921,26923,Fear
1922,26924,Neutral
1923,26925,Angry
1924,26926,Neutral
1925,26927,Angry
1926,26928,Angry
1927,26929,Surprise
1928,26930,Happy
1929,26931,Fear
1930,26932,Fear
1931,26933,Angry
1932,26934,Sad
1933,26935,Happy
1934,26936,Surprise
1935,26937,Angry
1936,26938,Neutral
1937,26939,Fear
1938,26940,Sad
1939,26941,Disgust
1940,26942,Happy
1941,26943,Happy
1942,26944,Surprise
1943,26945,Happy
1944,26946,Fear
1945,26947,Surprise
1946,26948,Angry
1947,26949,Neutral
1948,26950,Happy
1949,26951,Happy
1950,26952,Happy
1951,26953,Happy
1952,26954,Fear
1953,26955,Happy
1954,26956,Angry
1955,26957,Angry
1956,26958,Angry
1957,26959,Sad
1958,26960,Happy
1959,26961,Surprise
1960,26962,Angry
1961,26963,Happy
1962,26964,Angry
1963,26965,Sad
1964,26966,Happy
1965,26967,Happy
1966,26968,Surprise
1967,26969,Fear
1968,26970,Fear
1969,26971,Neutral
1970,26972,Contempt
1971,26973,Fear
1972,26974,Angry
1973,26975,Sad
1974,26976,Happy
1975,26977,Happy
1976,26978,Happy
1977,26979,Angry
1978,26980,Fear
1979,26981,Happy
1980,26982,Sad
1981,26983,Happy
1982,26984,Disgust
1983,26985,Happy
1984,26986,Neutral
1985,26987,Happy
1986,26988,Angry
1987,26989,Neutral
1988,26990,Happy
1989,26991,Sad
1990,26992,Sad
1991,26993,Happy
1992,26994,Happy
1993,26995,Sad
1994,26996,Neutral
1995,26997,Neutral
1996,26998,Sad
1997,26999,Fear
1998,27000,Happy
1999,27001,Fear
2000,27002,Surprise
2001,27003,Sad
2002,27004,Angry
2003,27005,Sad
2004,27006,Fear
2005,27007,Neutral
2006,27008,Angry
2007,27009,Sad
2008,27010,Angry
2009,27011,Happy
2010,27012,Happy
2011,27013,Angry
2012,27014,Happy
2013,27015,Happy
2014,27016,Angry
2015,27017,Happy
2016,27018,Angry
2017,27019,Fear
2018,27020,Angry
2019,27021,Neutral
2020,27022,Angry
2021,27023,Angry
2022,27024,Angry
2023,27025,Surprise
2024,27026,Fear
2025,27027,Sad
2026,27028,Surprise
2027,27029,Neutral
2028,27030,Sad
2029,27031,Happy
2030,27032,Neutral
2031,27033,Happy
2032,27034,Surprise
2033,27035,Sad
2034,27036,Happy
2035,27037,Happy
2036,27038,Happy
2037,27039,Surprise
2038,27040,Happy
2039,27041,Happy
2040,27042,Happy
2041,27043,Happy
2042,27044,Sad
2043,27045,Happy
2044,27046,Fear
2045,27047,Happy
2046,27048,Happy
2047,27049,Happy
2048,27050,Fear
2049,27051,Happy
2050,27052,Sad
2051,27053,Neutral
2052,27054,Angry
2053,27055,Happy
2054,27056,Sad
2055,27057,Happy
2056,27058,Happy
2057,27059,Angry
2058,27060,Happy
2059,27061,Sad
2060,27062,Happy
2061,27063,Sad
2062,27064,Happy
2063,27065,Neutral
2064,27066,Fear
2065,27067,Neutral
2066,27068,Happy
2067,27069,Fear
2068,27070,Surprise
2069,27071,Surprise
2070,27072,Happy
2071,27073,Happy
2072,27074,Neutral
2073,27075,Happy
2074,27076,Happy
2075,27077,Fear
2076,27078,Happy
2077,27079,Sad
2078,27080,Neutral
2079,27081,Surprise
2080,27082,Happy
2081,27083,Happy
2082,27084,Happy
2083,27085,Sad
2084,27086,Happy
2085,27087,Fear
2086,27088,Sad
2087,27089,Sad
2088,27090,Angry
2089,27091,Angry
2090,27092,Happy
2091,27093,Happy
2092,27094,Fear
2093,27095,Happy
2094,27096,Angry
2095,27097,Happy
2096,27098,Fear
2097,27099,Neutral
2098,27100,Neutral
2099,27101,Fear
2100,27102,Happy
2101,27103,Angry
2102,27104,Happy
2103,27105,Happy
2104,27106,Happy
2105,27107,Sad
2106,27108,Sad
2107,27109,Angry
2108,27110,Happy
2109,27111,Sad
2110,27112,Angry
2111,27113,Angry
2112,27114,Angry
2113,27115,Contempt
2114,27116,Happy
2115,27117,Neutral
2116,27118,Sad
2117,27119,Fear
2118,27120,Neutral
2119,27121,Sad
2120,27122,Surprise
2121,27123,Surprise
2122,27124,Sad
2123,27125,Surprise
2124,27126,Neutral
2125,27127,Neutral
2126,27128,Happy
2127,27129,Angry
2128,27130,Angry
2129,27131,Surprise
2130,27132,Angry
2131,27133,Happy
2132,27134,Sad
2133,27135,Sad
2134,27136,Happy
2135,27137,Angry
2136,27138,Surprise
2137,27139,Angry
2138,27140,Happy
2139,27141,Happy
2140,27142,Happy
2141,27143,Happy
2142,27144,Anger
2143,27145,Anger
2144,27146,Happy
2145,27147,Surprise
2146,27148,Happy
2147,27149,Angry
2148,27150,Angry
2149,27151,Angry
2150,27152,Happy
2151,27153,Neutral
2152,27154,Surprise
2153,27155,Happy
2154,27156,Neutral
2155,27157,Angry
2156,27158,Neutral
2157,27159,Neutral
2158,27160,Happy
2159,27161,Happy
2160,27162,Happy
2161,27163,Neutral
2162,27164,Surprise
2163,27165,Surprise
2164,27166,Happy
2165,27167,Happy
2166,27168,Sad
2167,27169,Neutral
2168,27170,Happy
2169,27171,Happy
2170,27172,Happy
2171,27173,Disgust
2172,27174,Surprise
2173,27175,Happy
2174,27176,Angry
2175,27177,Angry
2176,27178,Happy
2177,27179,Happy
2178,27180,Happy
2179,27181,Fear
2180,27182,Happy
2181,27183,Surprise
2182,27184,Happy
2183,27185,Sad
2184,27186,Happy
2185,27187,Happy
2186,27188,Surprise
2187,27189,Fear
2188,27190,Happy
2189,27191,Fear
2190,27192,Angry
2191,27193,Surprise
2192,27194,Angry
2193,27195,Fear
2194,27196,Happy
2195,27197,Happy
2196,27198,Sad
2197,27199,Happy
2198,27200,Angry
2199,27201,Disgust
2200,27202,Surprise
2201,27203,Happy
2202,27204,Happy
2203,27205,Fear
2204,27206,Surprise
2205,27207,Fear
2206,27208,Neutral
2207,27209,Neutral
2208,27210,Sad
2209,27211,Surprise
2210,27212,Happy
2211,27213,Sad
2212,27214,Fear
2213,27215,Sad
2214,27216,Fear
2215,27217,Happy
2216,27218,Neutral
2217,27219,Sad
2218,27220,Sad
2219,27221,Neutral
2220,27222,Sad
2221,27223,Neutral
2222,27224,Fear
2223,27225,Angry
2224,27226,Happy
2225,27227,Happy
2226,27228,Happy
2227,27229,Contempt
2228,27230,Happy
2229,27231,Sad
2230,27232,Neutral
2231,27233,Sad
2232,27234,Angry
2233,27235,Surprise
2234,27236,Sad
2235,27237,Neutral
2236,27238,Angry
2237,27239,Neutral
2238,27240,Surprise
2239,27241,Neutral
2240,27242,Happy
2241,27243,Surprise
2242,27244,Disgust
2243,27245,Disgust
2244,27246,Happy
2245,27247,Happy
2246,27248,Sad
2247,27249,Fear
2248,27250,Angry
2249,27251,Fear
2250,27252,Anger
2251,27253,Sad
2252,27254,Happy
2253,27255,Sad
2254,27256,Happy
2255,27257,Surprise
2256,27258,Sad
2257,27259,Happy
2258,27260,Neutral
2259,27261,Sad
2260,27262,Neutral
2261,27263,Sad
2262,27264,Surprise
2263,27265,Happy
2264,27266,Surprise
2265,27267,Fear
2266,27268,Neutral
2267,27269,Fear
2268,27270,Surprise
2269,27271,Happy
2270,27272,Angry
2271,27273,Surprise
2272,27274,Fear
2273,27275,Sad
2274,27276,Happy
2275,27277,Happy
2276,27278,Fear
2277,27279,Angry
2278,27280,Fear
2279,27281,Angry
2280,27282,Neutral
2281,27283,Happy
2282,27284,Angry
2283,27285,Neutral
2284,27286,Surprise
2285,27287,Angry
2286,27288,Happy
2287,27289,Surprise
2288,27290,Surprise
2289,27291,Neutral
2290,27292,Angry
2291,27293,Fear
2292,27294,Happy
2293,27295,Sad
2294,27296,Angry
2295,27297,Angry
2296,27298,Sad
2297,27299,Neutral
2298,27300,Fear
2299,27301,Happy
2300,27302,Angry
2301,27303,Sad
2302,27304,Angry
2303,27305,Sad
2304,27306,Neutral
2305,27307,Sad
2306,27308,Neutral
2307,27309,Angry
2308,27310,Fear
2309,27311,Happy
2310,27312,Surprise
2311,27313,Happy
2312,27314,Neutral
2313,27315,Fear
2314,27316,Fear
2315,27317,Sad
2316,27318,Surprise
2317,27319,Sad
2318,27320,Happy
2319,27321,Surprise
2320,27322,Happy
2321,27323,Angry
2322,27324,Sad
2323,27325,Surprise
2324,27326,Happy
2325,27327,Angry
2326,27328,Surprise
2327,27329,Neutral
2328,27330,Neutral
2329,27331,Fear
2330,27332,Happy
2331,27333,Happy
2332,27334,Happy
2333,27335,Fear
2334,27336,Neutral
2335,27337,Fear
2336,27338,Neutral
2337,27339,Angry
2338,27340,Angry
2339,27341,Neutral
2340,27342,Happy
2341,27343,Fear
2342,27344,Fear
2343,27345,Sad
2344,27346,Angry
2345,27347,Happy
2346,27348,Neutral
2347,27349,Happy
2348,27350,Sad
2349,27351,Angry
2350,27352,Sad
2351,27353,Neutral
2352,27354,Happy
2353,27355,Happy
2354,27356,Surprise
2355,27357,Sad
2356,27358,Fear
2357,27359,Fear
2358,27360,Fear
2359,27361,Sad
2360,27362,Sad
2361,27363,Fear
2362,27364,Sad
2363,27365,Happy
2364,27366,Happy
2365,27367,Happy
2366,27368,Happy
2367,27369,Fear
2368,27370,Surprise
2369,27371,Happy
2370,27372,Angry
2371,27373,Sad
2372,27374,Fear
2373,27375,Happy
2374,27376,Angry
2375,27377,Sad
2376,27378,Happy
2377,27379,Happy
2378,27380,Happy
2379,27381,Neutral
2380,27382,Fear
2381,27383,Fear
2382,27384,Happy
2383,27385,Angry
2384,27386,Sad
2385,27387,Angry
2386,27388,Happy
2387,27389,Sad
2388,27390,Angry
2389,27391,Angry
2390,27392,Sad
2391,27393,Neutral
2392,27394,Happy
2393,27395,Neutral
2394,27396,Surprise
2395,27397,Angry
2396,27398,Sad
2397,27399,Sad
2398,27400,Sad
2399,27401,Sad
2400,27402,Happy
2401,27403,Sad
2402,27404,Happy
2403,27405,Neutral
2404,27406,Neutral
2405,27407,Happy
2406,27408,Fear
2407,27409,Angry
2408,27410,Sad
2409,27411,Sad
2410,27412,Neutral
2411,27413,Angry
2412,27414,Neutral
2413,27415,Fear
2414,27416,Fear
2415,27417,Happy
2416,27418,Neutral
2417,27419,Sad
2418,27420,Sad
2419,27421,Fear
2420,27422,Happy
2421,27423,Fear
2422,27424,Angry
2423,27425,Neutral
2424,27426,Happy
2425,27427,Happy
2426,27428,Neutral
2427,27429,Sad
2428,27430,Fear
2429,27431,Happy
2430,27432,Sad
2431,27433,Sad
2432,27434,Surprise
2433,27435,Fear
2434,27436,Happy
2435,27437,Sad
2436,27438,Neutral
2437,27439,Angry
2438,27440,Fear
2439,27441,Neutral
2440,27442,Neutral
2441,27443,Happy
2442,27444,Angry
2443,27445,Happy
2444,27446,Happy
2445,27447,Fear
2446,27448,Angry
2447,27449,Sad
2448,27450,Sad
2449,27451,Neutral
2450,27452,Happy
2451,27453,Neutral
2452,27454,Happy
2453,27455,Neutral
2454,27456,Neutral
2455,27457,Neutral
2456,27458,Fear
2457,27459,Sad
2458,27460,Happy
2459,27461,Sad
2460,27462,Angry
2461,27463,Happy
2462,27464,Angry
2463,27465,Neutral
2464,27466,Fear
2465,27467,Disgust
2466,27468,Sad
2467,27469,Sad
2468,27470,Angry
2469,27471,Sad
2470,27472,Neutral
2471,27473,Sad
2472,27474,Happy
2473,27475,Sad
2474,27476,Sad
2475,27477,Neutral
2476,27478,Neutral
2477,27479,Neutral
2478,27480,Happy
2479,27481,Contempt
2480,27482,Angry
2481,27483,Angry
2482,27484,Sad
2483,27485,Surprise
2484,27486,Angry
2485,27487,Happy
2486,27488,Fear
2487,27489,Fear
2488,27490,Surprise
2489,27491,Angry
2490,27492,Surprise
2491,27493,Neutral
2492,27494,Happy
2493,27495,Sad
2494,27496,Happy
2495,27497,Fear
2496,27498,Happy
2497,27499,Happy
2498,27500,Happy
2499,27501,Happy
2500,27502,Happy
2501,27503,Angry
2502,27504,Happy
2503,27505,Sad
2504,27506,Sad
2505,27507,Sad
2506,27508,Contempt
2507,27509,Fear
2508,27510,Angry
2509,27511,Angry
2510,27512,Angry
2511,27513,Sad
2512,27514,Sad
2513,27515,Fear
2514,27516,Neutral
2515,27517,Happy
2516,27518,Sad
2517,27519,Happy
2518,27520,Angry
2519,27521,Happy
2520,27522,Fear
2521,27523,Sad
2522,27524,Neutral
2523,27525,Neutral
2524,27526,Happy
2525,27527,Happy
2526,27528,Happy
2527,27529,Neutral
2528,27530,Fear
2529,27531,Surprise
2530,27532,Neutral
2531,27533,Neutral
2532,27534,Sad
2533,27535,Surprise
2534,27536,Angry
2535,27537,Angry
2536,27538,Angry
2537,27539,Happy
2538,27540,Sad
2539,27541,Fear
2540,27542,Neutral
2541,27543,Happy
2542,27544,Angry
2543,27545,Angry
2544,27546,Neutral
2545,27547,Sad
2546,27548,Happy
2547,27549,Neutral
2548,27550,Happy
2549,27551,Neutral
2550,27552,Happy
2551,27553,Surprise
2552,27554,Neutral
2553,27555,Fear
2554,27556,Fear
2555,27557,Fear
2556,27558,Neutral
2557,27559,Surprise
2558,27560,Neutral
2559,27561,Sad
2560,27562,Sad
2561,27563,Happy
2562,27564,Happy
2563,27565,Fear
2564,27566,Surprise
2565,27567,Neutral
2566,27568,Neutral
2567,27569,Fear
2568,27570,Sad
2569,27571,Angry
2570,27572,Fear
2571,27573,Sad
2572,27574,Sad
2573,27575,Happy
2574,27576,Sad
2575,27577,Surprise
2576,27578,Happy
2577,27579,Happy
2578,27580,Sad
2579,27581,Fear
2580,27582,Surprise
2581,27583,Fear
2582,27584,Happy
2583,27585,Sad
2584,27586,Surprise
2585,27587,Neutral
2586,27588,Sad
2587,27589,Happy
2588,27590,Angry
2589,27591,Fear
2590,27592,Surprise
2591,27593,Surprise
2592,27594,Neutral
2593,27595,Neutral
2594,27596,Sad
2595,27597,Neutral
2596,27598,Surprise
2597,27599,Happy
2598,27600,Neutral
2599,27601,Happy
2600,27602,Surprise
2601,27603,Happy
2602,27604,Fear
2603,27605,Happy
2604,27606,Happy
2605,27607,Sad
2606,27608,Sad
2607,27609,Angry
2608,27610,Happy
2609,27611,Happy
2610,27612,Angry
2611,27613,Fear
2612,27614,Neutral
2613,27615,Happy
2614,27616,Happy
2615,27617,Angry
2616,27618,Happy
2617,27619,Happy
2618,27620,Angry
2619,27621,Sad
2620,27622,Contempt
2621,27623,Angry
2622,27624,Neutral
2623,27625,Happy
2624,27626,Surprise
2625,27627,Neutral
2626,27628,Sad
2627,27629,Neutral
2628,27630,Sad
2629,27631,Surprise
2630,27632,Neutral
2631,27633,Sad
2632,27634,Neutral
2633,27635,Fear
2634,27636,Happy
2635,27637,Happy
2636,27638,Happy
2637,27639,Fear
2638,27640,Happy
2639,27641,Angry
2640,27642,Neutral
2641,27643,Happy
2642,27644,Angry
2643,27645,Happy
2644,27646,Neutral
2645,27647,Happy
2646,27648,Happy
2647,27649,Surprise
2648,27650,Neutral
2649,27651,Surprise
2650,27652,Angry
2651,27653,Angry
2652,27654,Fear
2653,27655,Fear
2654,27656,Surprise
2655,27657,Fear
2656,27658,Neutral
2657,27659,Surprise
2658,27660,Fear
2659,27661,Happy
2660,27662,Happy
2661,27663,Happy
2662,27664,Surprise
2663,27665,Sad
2664,27666,Surprise
2665,27667,Neutral
2666,27668,Angry
2667,27669,Happy
2668,27670,Sad
2669,27671,Happy
2670,27672,Happy
2671,27673,Angry
2672,27674,Angry
2673,27675,Happy
2674,27676,Happy
2675,27677,Neutral
2676,27678,Neutral
2677,27679,Fear
2678,27680,Happy
2679,27681,Sad
2680,27682,Neutral
2681,27683,Neutral
2682,27684,Sad
2683,27685,Fear
2684,27686,Neutral
2685,27687,Angry
2686,27688,Fear
2687,27689,Fear
2688,27690,Fear
2689,27691,Angry
2690,27692,Neutral
2691,27693,Happy
2692,27694,Sad
2693,27695,Happy
2694,27696,Surprise
2695,27697,Neutral
2696,27698,Angry
2697,27699,Sad
2698,27700,Sad
2699,27701,Happy
2700,27702,Surprise
2701,27703,Surprise
2702,27704,Angry
2703,27705,Happy
2704,27706,Neutral
2705,27707,Neutral
2706,27708,Happy
2707,27709,Fear
2708,27710,Happy
2709,27711,Sad
2710,27712,Fear
2711,27713,Fear
2712,27714,Sad
2713,27715,Surprise
2714,27716,Sad
2715,27717,Sad
2716,27718,Happy
2717,27719,Sad
2718,27720,Neutral
2719,27721,Angry
2720,27722,Happy
2721,27723,Sad
2722,27724,Fear
2723,27725,Sad
2724,27726,Angry
2725,27727,Sad
2726,27728,Angry
2727,27729,Fear
2728,27730,Sad
2729,27731,Happy
2730,27732,Angry
2731,27733,Sad
2732,27734,Fear
2733,27735,Surprise
2734,27736,Neutral
2735,27737,Surprise
2736,27738,Sad
2737,27739,Happy
2738,27740,Angry
2739,27741,Happy
2740,27742,Neutral
2741,27743,Happy
2742,27744,Angry
2743,27745,Neutral
2744,27746,Fear
2745,27747,Fear
2746,27748,Neutral
2747,27749,Sad
2748,27750,Fear
2749,27751,Happy
2750,27752,Neutral
2751,27753,Happy
2752,27754,Fear
2753,27755,Happy
2754,27756,Surprise
2755,27757,Happy
2756,27758,Sad
2757,27759,Neutral
2758,27760,Happy
2759,27761,Happy
2760,27762,Sad
2761,27763,Surprise
2762,27764,Fear
2763,27765,Disgust
2764,27766,Happy
2765,27767,Neutral
2766,27768,Sad
2767,27769,Fear
2768,27770,Angry
2769,27771,Disgust
2770,27772,Fear
2771,27773,Fear
2772,27774,Surprise
2773,27775,Angry
2774,27776,Sad
2775,27777,Happy
2776,27778,Angry
2777,27779,Happy
2778,27780,Surprise
2779,27781,Happy
2780,27782,Surprise
2781,27783,Happy
2782,27784,Fear
2783,27785,Sad
2784,27786,Sad
2785,27787,Neutral
2786,27788,Sad
2787,27789,Happy
2788,27790,Sad
2789,27791,Surprise
2790,27792,Happy
2791,27793,Neutral
2792,27794,Angry
2793,27795,Sad
2794,27796,Surprise
2795,27797,Happy
2796,27798,Angry
2797,27799,Surprise
2798,27800,Fear
2799,27801,Happy
2800,27802,Neutral
2801,27803,Surprise
2802,27804,Angry
2803,27805,Happy
2804,27806,Fear
2805,27807,Happy
2806,27808,Happy
2807,27809,Angry
2808,27810,Sad
2809,27811,Surprise
2810,27812,Surprise
2811,27813,Happy
2812,27814,Neutral
2813,27815,Sad
2814,27816,Sad
2815,27817,Fear
2816,27818,Surprise
2817,27819,Fear
2818,27820,Surprise
2819,27821,Happy
2820,27822,Sad
2821,27823,Happy
2822,27824,Happy
2823,27825,Happy
2824,27826,Neutral
2825,27827,Neutral
2826,27828,Angry
2827,27829,Happy
2828,27830,Surprise
2829,27831,Happy
2830,27832,Neutral
2831,27833,Sad
2832,27834,Neutral
2833,27835,Neutral
2834,27836,Sad
2835,27837,Neutral
2836,27838,Angry
2837,27839,Happy
2838,27840,Fear
2839,27841,Sad
2840,27842,Sad
2841,27843,Surprise
2842,27844,Happy
2843,27845,Happy
2844,27846,Fear
2845,27847,Angry
2846,27848,Sad
2847,27849,Sad
2848,27850,Fear
2849,27851,Happy
2850,27852,Surprise
2851,27853,Surprise
2852,27854,Happy
2853,27855,Fear
2854,27856,Happy
2855,27857,Sad
2856,27858,Happy
2857,27859,Surprise
2858,27860,Neutral
2859,27861,Happy
2860,27862,Fear
2861,27863,Angry
2862,27864,Neutral
2863,27865,Happy
2864,27866,Angry
2865,27867,Contempt
2866,27868,Fear
2867,27869,Happy
2868,27870,Angry
2869,27871,Fear
2870,27872,Angry
2871,27873,Sad
2872,27874,Fear
2873,27875,Angry
2874,27876,Happy
2875,27877,Surprise
2876,27878,Happy
2877,27879,Surprise
2878,27880,Angry
2879,27881,Disgust
2880,27882,Neutral
2881,27883,Angry
2882,27884,Surprise
2883,27885,Neutral
2884,27886,Angry
2885,27887,Sad
2886,27888,Surprise
2887,27889,Fear
2888,27890,Surprise
2889,27891,Sad
2890,27892,Happy
2891,27893,Neutral
2892,27894,Disgust
2893,27895,Sad
2894,27896,Fear
2895,27897,Angry
2896,27898,Surprise
2897,27899,Fear
2898,27900,Angry
2899,27901,Surprise
2900,27902,Surprise
2901,27903,Happy
2902,27904,Angry
2903,27905,Sad
2904,27906,Surprise
2905,27907,Surprise
2906,27908,Surprise
2907,27909,Angry
2908,27910,Fear
2909,27911,Neutral
2910,27912,Sad
2911,27913,Sad
2912,27914,Sad
2913,27915,Happy
2914,27916,Surprise
2915,27917,Surprise
2916,27918,Surprise
2917,27919,Surprise
2918,27920,Happy
2919,27921,Neutral
2920,27922,Sad
2921,27923,Surprise
2922,27924,Angry
2923,27925,Disgust
2924,27926,Surprise
2925,27927,Surprise
2926,27928,Happy
2927,27929,Happy
2928,27930,Angry
2929,27931,Happy
2930,27932,Happy
2931,27933,Surprise
2932,27934,Sad
2933,27935,Fear
2934,27936,Surprise
2935,27937,Fear
2936,27938,Happy
2937,27939,Surprise
2938,27940,Happy
2939,27941,Fear
2940,27942,Neutral
2941,27943,Sad
2942,27944,Happy
2943,27945,Happy
2944,27946,Neutral
2945,27947,Neutral
2946,27948,Sad
2947,27949,Happy
2948,27950,Angry
2949,27951,Sad
2950,27952,Happy
2951,27953,Happy
2952,27954,Surprise
2953,27955,Happy
2954,27956,Sad
2955,27957,Neutral
2956,27958,Neutral
2957,27959,Happy
2958,27960,Fear
2959,27961,Angry
2960,27962,Angry
2961,27963,Neutral
2962,27964,Neutral
2963,27965,Surprise
2964,27966,Happy
2965,27967,Angry
2966,27968,Fear
2967,27969,Happy
2968,27970,Surprise
2969,27971,Angry
2970,27972,Neutral
2971,27973,Surprise
2972,27974,Sad
2973,27975,Neutral
2974,27976,Sad
2975,27977,Happy
2976,27978,Happy
2977,27979,Surprise
2978,27980,Neutral
2979,27981,Surprise
2980,27982,Angry
2981,27983,Neutral
2982,27984,Fear
2983,27985,Neutral
2984,27986,Sad
2985,27987,Fear
2986,27988,Happy
2987,27989,Surprise
2988,27990,Neutral
2989,27991,Angry
2990,27992,Happy
2991,27993,Sad
2992,27994,Neutral
2993,27995,Neutral
2994,27996,Surprise
2995,27997,Happy
2996,27998,Neutral
2997,27999,Angry
2998,28000,Neutral
2999,28001,Fear
3000,28002,Neutral
3001,28003,Fear
3002,28004,Angry
3003,28005,Neutral
3004,28006,Neutral
3005,28007,Neutral
3006,28008,Happy
3007,28009,Happy
3008,28010,Surprise
3009,28011,Fear
3010,28012,Fear
3011,28013,Neutral
3012,28014,Neutral
3013,28015,Angry
3014,28016,Surprise
3015,28017,Happy
3016,28018,Sad
3017,28019,Fear
3018,28020,Happy
3019,28021,Sad
3020,28022,Fear
3021,28023,Surprise
3022,28024,Fear
3023,28025,Neutral
3024,28026,Angry
3025,28027,Neutral
3026,28028,Neutral
3027,28029,Disgust
3028,28030,Angry
3029,28031,Sad
3030,28032,Fear
3031,28033,Neutral
3032,28034,Sad
3033,28035,Fear
3034,28036,Fear
3035,28037,Fear
3036,28038,Fear
3037,28039,Happy
3038,28040,Happy
3039,28041,Happy
3040,28042,Surprise
3041,28043,Sad
3042,28044,Happy
3043,28045,Neutral
3044,28046,Neutral
3045,28047,Surprise
3046,28048,Happy
3047,28049,Angry
3048,28050,Fear
3049,28051,Surprise
3050,28052,Fear
3051,28053,Sad
3052,28054,Happy
3053,28055,Neutral
3054,28056,Contempt
3055,28057,Surprise
3056,28058,Angry
3057,28059,Fear
3058,28060,Sad
3059,28061,Happy
3060,28062,Angry
3061,28063,Surprise
3062,28064,Surprise
3063,28065,Surprise
3064,28066,Neutral
3065,28067,Neutral
3066,28068,Surprise
3067,28069,Happy
3068,28070,Fear
3069,28071,Happy
3070,28072,Neutral
3071,28073,Sad
3072,28074,Sad
3073,28075,Neutral
3074,28076,Surprise
3075,28077,Neutral
3076,28078,Happy
3077,28079,Surprise
3078,28080,Neutral
3079,28081,Neutral
3080,28082,Surprise
3081,28083,Angry
3082,28084,Neutral
3083,28085,Happy
3084,28086,Sad
3085,28087,Happy
3086,28088,Sad
3087,28089,Fear
3088,28090,Happy
3089,28091,Sad
3090,28092,Angry
3091,28093,Neutral
3092,28094,Neutral
3093,28095,Fear
3094,28096,Happy
3095,28097,Angry
3096,28098,Disgust
3097,28099,Sad
3098,28100,Sad
3099,28101,Fear
3100,28102,Happy
3101,28103,Happy
3102,28104,Neutral
3103,28105,Happy
3104,28106,Fear
3105,28107,Neutral
3106,28108,Happy
3107,28109,Neutral
3108,28110,Fear
3109,28111,Angry
3110,28112,Fear
3111,28113,Anger
3112,28114,Happy
3113,28115,Happy
3114,28116,Fear
3115,28117,Happy
3116,28118,Sad
3117,28119,Sad
3118,28120,Angry
3119,28121,Sad
3120,28122,Neutral
3121,28123,Angry
3122,28124,Neutral
3123,28125,Happy
3124,28126,Sad
3125,28127,Neutral
3126,28128,Angry
3127,28129,Sad
3128,28130,Surprise
3129,28131,Happy
3130,28132,Happy
3131,28133,Angry
3132,28134,Angry
3133,28135,Happy
3134,28136,Neutral
3135,28137,Sad
3136,28138,Happy
3137,28139,Happy
3138,28140,Happy
3139,28141,Surprise
3140,28142,Sad
3141,28143,Sad
3142,28144,Angry
3143,28145,Angry
3144,28146,Angry
3145,28147,Angry
3146,28148,Angry
3147,28149,Angry
3148,28150,Neutral
3149,28151,Fear
3150,28152,Angry
3151,28153,Angry
3152,28154,Happy
3153,28155,Surprise
3154,28156,Neutral
3155,28157,Sad
3156,28158,Neutral
3157,28159,Sad
3158,28160,Happy
3159,28161,Neutral
3160,28162,Angry
3161,28163,Sad
3162,28164,Happy
3163,28165,Neutral
3164,28166,Fear
3165,28167,Surprise
3166,28168,Sad
3167,28169,Sad
3168,28170,Happy
3169,28171,Sad
3170,28172,Surprise
3171,28173,Neutral
3172,28174,Happy
3173,28175,Neutral
3174,28176,Happy
3175,28177,Fear
3176,28178,Fear
3177,28179,Sad
3178,28180,Fear
3179,28181,Disgust
3180,28182,Surprise
3181,28183,Fear
3182,28184,Surprise
3183,28185,Sad
3184,28186,Neutral
3185,28187,Neutral
3186,28188,Neutral
3187,28189,Anger
3188,28190,Sad
3189,28191,Happy
3190,28192,Sad
3191,28193,Angry
3192,28194,Happy
3193,28195,Sad
3194,28196,Surprise
3195,28197,Happy
3196,28198,Angry
3197,28199,Neutral
3198,28200,Happy
3199,28201,Surprise
3200,28202,Neutral
3201,28203,Disgust
3202,28204,Fear
3203,28205,Sad
3204,28206,Sad
3205,28207,Angry
3206,28208,Surprise
3207,28209,Neutral
3208,28210,Fear
3209,28211,Neutral
3210,28212,Sad
3211,28213,Neutral
3212,28214,Happy
3213,28215,Neutral
3214,28216,Neutral
3215,28217,Angry
3216,28218,Happy
3217,28219,Surprise
3218,28220,Happy
3219,28221,Angry
3220,28222,Happy
3221,28223,Sad
3222,28224,Happy
3223,28225,Angry
3224,28226,Angry
3225,28227,Surprise
3226,28228,Neutral
3227,28229,Surprise
3228,28230,Sad
3229,28231,Neutral
3230,28232,Disgust
3231,28233,Fear
3232,28234,Neutral
3233,28235,Neutral
3234,28236,Neutral
3235,28237,Surprise
3236,28238,Neutral
3237,28239,Happy
3238,28240,Neutral
3239,28241,Sad
3240,28242,Happy
3241,28243,Fear
3242,28244,Fear
3243,28245,Fear
3244,28246,Neutral
3245,28247,Fear
3246,28248,Angry
3247,28249,Happy
3248,28250,Surprise
3249,28251,Neutral
3250,28252,Sad
3251,28253,Sad
3252,28254,Neutral
3253,28255,Happy
3254,28256,Happy
3255,28257,Happy
3256,28258,Neutral
3257,28259,Fear
3258,28260,Disgust
3259,28261,Neutral
3260,28262,Happy
3261,28263,Angry
3262,28264,Happy
3263,28265,Fear
3264,28266,Sad
3265,28267,Fear
3266,28268,Surprise
3267,28269,Neutral
3268,28270,Happy
3269,28271,Neutral
3270,28272,Sad
3271,28273,Happy
3272,28274,Happy
3273,28275,Neutral
3274,28276,Happy
3275,28277,Neutral
3276,28278,Happy
3277,28279,Angry
3278,28280,Surprise
3279,28281,Fear
3280,28282,Happy
3281,28283,Surprise
3282,28284,Surprise
3283,28285,Angry
3284,28286,Happy
3285,28287,Surprise
3286,28288,Angry
3287,28289,Angry
3288,28290,Happy
3289,28291,Sad
3290,28292,Angry
3291,28293,Neutral
3292,28294,Sad
3293,28295,Sad
3294,28296,Sad
3295,28297,Neutral
3296,28298,Neutral
3297,28299,Sad
3298,28300,Angry
3299,28301,Neutral
3300,28302,Sad
3301,28303,Neutral
3302,28304,Neutral
3303,28305,Angry
3304,28306,Surprise
3305,28307,Happy
3306,28308,Fear
3307,28309,Happy
3308,28310,Happy
3309,28311,Surprise
3310,28312,Happy
3311,28313,Happy
3312,28314,Fear
3313,28315,Neutral
3314,28316,Fear
3315,28317,Surprise
3316,28318,Happy
3317,28319,Fear
3318,28320,Happy
3319,28321,Happy
3320,28322,Angry
3321,28323,Neutral
3322,28324,Happy
3323,28325,Angry
3324,28326,Surprise
3325,28327,Fear
3326,28328,Surprise
3327,28329,Surprise
3328,28330,Fear
3329,28331,Fear
3330,28332,Disgust
3331,28333,Happy
3332,28334,Surprise
3333,28335,Surprise
3334,28336,Happy
3335,28337,Happy
3336,28338,Sad
3337,28339,Angry
3338,28340,Happy
3339,28341,Fear
3340,28342,Surprise
3341,28343,Sad
3342,28344,Sad
3343,28345,Angry
3344,28346,Surprise
3345,28347,Fear
3346,28348,Happy
3347,28349,Angry
3348,28350,Happy
3349,28351,Neutral
3350,28352,Fear
3351,28353,Sad
3352,28354,Angry
3353,28355,Fear
3354,28356,Fear
3355,28357,Happy
3356,28358,Neutral
3357,28359,Neutral
3358,28360,Fear
3359,28361,Fear
3360,28362,Neutral
3361,28363,Fear
3362,28364,Neutral
3363,28365,Surprise
3364,28366,Angry
3365,28367,Happy
3366,28368,Happy
3367,28369,Happy
3368,28370,Surprise
3369,28371,Angry
3370,28372,Neutral
3371,28373,Neutral
3372,28374,Sad
3373,28375,Happy
3374,28376,Happy
3375,28377,Happy
3376,28378,Angry
3377,28379,Happy
3378,28380,Fear
3379,28381,Neutral
3380,28382,Surprise
3381,28383,Happy
3382,28384,Fear
3383,28385,Surprise
3384,28386,Angry
3385,28387,Angry
3386,28388,Angry
3387,28389,Angry
3388,28390,Disgust
3389,28391,Angry
3390,28392,Neutral
3391,28393,Neutral
3392,28394,Fear
3393,28395,Fear
3394,28396,Sad
3395,28397,Sad
3396,28398,Fear
3397,28399,Fear
3398,28400,Happy
3399,28401,Angry
3400,28402,Surprise
3401,28403,Fear
3402,28404,Fear
3403,28405,Angry
3404,28406,Angry
3405,28407,Surprise
3406,28408,Fear
3407,28409,Sad
3408,28410,Happy
3409,28411,Neutral
3410,28412,Angry
3411,28413,Happy
3412,28414,Angry
3413,28415,Happy
3414,28416,Neutral
3415,28417,Fear
3416,28418,Angry
3417,28419,Fear
3418,28420,Sad
3419,28421,Surprise
3420,28422,Surprise
3421,28423,Neutral
3422,28424,Sad
3423,28425,Sad
3424,28426,Fear
3425,28427,Happy
3426,28428,Angry
3427,28429,Neutral
3428,28430,Surprise
3429,28431,Happy
3430,28432,Happy
3431,28433,Sad
3432,28434,Surprise
3433,28435,Neutral
3434,28436,Angry
3435,28437,Sad
3436,28438,Angry
3437,28439,Happy
3438,28440,Fear
3439,28441,Surprise
3440,28442,Sad
3441,28443,Neutral
3442,28444,Sad
3443,28445,Fear
3444,28446,Happy
3445,28447,Fear
3446,28448,Surprise
3447,28449,Happy
3448,28450,Neutral
3449,28451,Neutral
3450,28452,Neutral
3451,28453,Fear
3452,28454,Happy
3453,28455,Fear
3454,28456,Sad
3455,28457,Neutral
3456,28458,Angry
3457,28459,Surprise
3458,28460,Happy
3459,28461,Sad
3460,28462,Angry
3461,28463,Angry
3462,28464,Fear
3463,28465,Sad
3464,28466,Sad
3465,28467,Neutral
3466,28468,Fear
3467,28469,Sad
3468,28470,Happy
3469,28471,Neutral
3470,28472,Anger
3471,28473,Surprise
3472,28474,Happy
3473,28475,Surprise
3474,28476,Surprise
3475,28477,Happy
3476,28478,Neutral
3477,28479,Sad
3478,28480,Neutral
3479,28481,Sad
3480,28482,Surprise
3481,28483,Surprise
3482,28484,Neutral
3483,28485,Neutral
3484,28486,Angry
3485,28487,Surprise
3486,28488,Sad
3487,28489,Angry
3488,28490,Fear
3489,28491,Happy
3490,28492,Happy
3491,28493,Neutral
3492,28494,Happy
3493,28495,Angry
3494,28496,Happy
3495,28497,Fear
3496,28498,Angry
3497,28499,Neutral
3498,28500,Happy
3499,28501,Surprise
3500,28502,Happy
3501,28503,Fear
3502,28504,Surprise
3503,28505,Fear
3504,28506,Surprise
3505,28507,Neutral
3506,28508,Happy
3507,28509,Disgust
3508,28511,Angry
3509,28512,Happy
3510,28513,Fear
3511,28515,Fear
3512,28516,Sad
3515,28519,Neutral
3516,28520,Neutral
3517,28521,Disgust
3518,28522,Happy
3519,28523,Sad
3520,28524,Neutral
3521,28525,Happy
3522,28526,Angry
3523,28527,Happy
3524,28528,Angry
3525,28529,Happy
3526,28530,Angry
3527,28531,Neutral
3528,28532,Surprise
3529,28533,Fear
3530,28534,Angry
3531,28535,Neutral
3532,28536,Happy
3533,28537,Sad
3534,28538,Sad
3535,28539,Fear
3536,28540,Neutral
3537,28541,Angry
3538,28542,Surprise
3539,28543,Angry
3540,28544,Surprise
3541,28545,Neutral
3542,28546,Neutral
3543,28547,Disgust
3544,28548,Fear
3545,28549,Anger
3546,28550,Neutral
3547,28551,Neutral
3548,28552,Sad
3549,28553,Fear
3550,28554,Happy
3551,28555,Sad
3552,28556,Angry
3553,28557,Surprise
3554,28558,Sad
3555,28559,Neutral
3556,28560,Angry
3557,28561,Sad
3558,28562,Happy
3559,28563,Fear
3560,28564,Happy
3561,28565,Angry
3562,28566,Angry
3563,28567,Happy
3564,28568,Sad
3565,28569,Neutral
3566,28570,Neutral
3567,28571,Angry
3568,28572,Sad
3569,28574,Sad
3570,28575,Happy
3571,28576,Angry
3572,28577,Fear
3573,28578,Angry
3574,28579,Fear
3575,28580,Neutral
3576,28581,Happy
3577,28582,Angry
3578,28583,Sad
3579,28584,Happy
3580,28585,Disgust
3581,28586,Sad
3582,28587,Neutral
3583,28588,Neutral
3584,28589,Sad
3585,28590,Happy
3586,28591,Happy
3587,28592,Fear
3588,28593,Fear
3589,28594,Happy
3590,28595,Fear
3591,28596,Sad
3592,28597,Happy
3593,28598,Disgust
3594,28599,Neutral
3595,28600,Happy
3596,28602,Neutral
3597,28603,Surprise
3598,28604,Angry
3599,28605,Angry
3600,28606,Sad
3601,28607,Angry
3602,28608,Angry
3603,28609,Neutral
3604,28610,Angry
3605,28611,Happy
3606,28612,Happy
3607,28613,Neutral
3608,28614,Angry
3609,28615,Sad
3610,28616,Happy
3611,28617,Neutral
3612,28618,Angry
3613,28619,Neutral
3614,28620,Angry
3615,28621,Happy
3616,28622,Sad
3617,28623,Fear
3618,28624,Fear
3619,28625,Fear
3620,28626,Neutral
3621,28627,Fear
3622,28628,Sad
3623,28629,Angry
3624,28630,Fear
3625,28631,Angry
3626,28632,Happy
3627,28633,Fear
3628,28634,Fear
3629,28635,Sad
3630,28636,Fear
3631,28637,Fear
3632,28638,Fear
3633,28639,Surprise
3634,28640,Angry
3635,28641,Angry
3636,28642,Neutral
3637,28643,Surprise
3638,28644,Sad
3639,28645,Sad
3640,28646,Happy
3641,28647,Angry
3642,28648,Fear
3643,28649,Happy
3644,28650,Disgust
3645,28651,Surprise
3646,28652,Neutral
3647,28653,Surprise
3648,28654,Surprise
3649,28655,Neutral
3650,28656,Happy
3651,28657,Sad
3652,28658,Happy
3653,28659,Angry
3654,28660,Angry
3655,28661,Happy
3656,28662,Surprise
3657,28663,Fear
3658,28664,Neutral
3659,28665,Fear
3660,28666,Fear
3661,28667,Surprise
3662,28668,Angry
3663,28669,Happy
3664,28670,Happy
3665,28671,Surprise
3666,28672,Neutral
3667,28673,Fear
3668,28674,Sad
3669,28675,Angry
3670,28676,Happy
3671,28677,Contempt
3672,28678,Sad
3673,28679,Sad
3674,28680,Sad
3675,28681,Neutral
3676,28682,Fear
3677,28683,Sad
3678,28684,Happy
3679,28685,Sad
3680,28686,Angry
3681,28687,Happy
3682,28688,Happy
3683,28689,Happy
3684,28690,Fear
3685,28691,Sad
3686,28692,Happy
3687,28693,Neutral
3688,28694,Happy
3689,28695,Fear
3690,28696,Fear
3691,28697,Happy
3692,28698,Happy
3693,28699,Neutral
3694,28700,Sad
3695,28701,Fear
3696,28702,Angry
3697,28703,Surprise
3698,28704,Fear
3699,28705,Angry
3700,28706,Sad
3701,28707,Angry
3702,28708,Sad
3703,28709,Disgust
3704,28710,Disgust
3705,28711,Sad
3706,28712,Neutral
3707,28713,Happy
3708,28714,Happy
3709,28715,Fear
3710,28716,Neutral
3711,28717,Fear
3712,28718,Neutral
3713,28719,Happy
3714,28720,Angry
3715,28721,Sad
3716,28722,Fear
3717,28723,Neutral
3718,28724,Fear
3719,28725,Surprise
3720,28726,Disgust
3721,28727,Surprise
3722,28728,Happy
3723,28729,Fear
3724,28730,Surprise
3725,28731,Angry
3726,28732,Sad
3727,28733,Angry
3728,28734,Fear
3729,28735,Sad
3730,28736,Sad
3731,28737,Angry
3732,28738,Fear
3733,28739,Happy
3734,28740,Neutral
3735,28741,Happy
3736,28742,Neutral
3737,28743,Angry
3738,28744,Sad
3739,28745,Neutral
3740,28746,Fear
3741,28747,Sad
3742,28748,Happy
3743,28749,Angry
3744,28750,Sad
3745,28751,Angry
3746,28752,Fear
3747,28753,Neutral
3748,28754,Happy
3749,28755,Surprise
3750,28756,Happy
3751,28757,Surprise
3752,28758,Neutral
3753,28759,Angry
3754,28760,Happy
3755,28761,Surprise
3756,28762,Sad
3757,28763,Sad
3758,28764,Happy
3759,28765,Fear
3760,28766,Fear
3761,28767,Surprise
3762,28768,Happy
3763,28769,Neutral
3764,28770,Happy
3765,28771,Sad
3766,28772,Happy
3767,28773,Surprise
3768,28774,Happy
3769,28775,Fear
3770,28776,Neutral
3771,28777,Fear
3772,28778,Fear
3773,28779,Angry
3774,28780,Surprise
3775,28781,Neutral
3776,28782,Contempt
3777,28783,Fear
3778,28784,Neutral
3779,28785,Surprise
3780,28786,Neutral
3781,28787,Sad
3782,28788,Sad
3783,28789,Angry
3784,28790,Angry
3785,28791,Disgust
3786,28792,Happy
3787,28793,Surprise
3788,28794,Sad
3789,28795,Happy
3790,28796,Happy
3791,28797,Happy
3792,28798,Happy
3793,28799,Neutral
3794,28800,Angry
3795,28801,Neutral
3796,28802,Sad
3797,28803,Angry
3798,28804,Disgust
3799,28805,Happy
3800,28806,Happy
3801,28807,Happy
3802,28808,Angry
3803,28809,Happy
3804,28810,Neutral
3805,28811,Angry
3806,28812,Happy
3807,28813,Fear
3808,28814,Happy
3809,28815,Neutral
3810,28816,Sad
3811,28817,Surprise
3812,28818,Happy
3813,28819,Happy
3814,28820,Angry
3815,28821,Angry
3816,28822,Fear
3817,28823,Happy
3818,28824,Angry
3819,28825,Happy
3820,28826,Neutral
3821,28827,Fear
3822,28828,Neutral
3823,28829,Surprise
3824,28830,Angry
3825,28831,Angry
3826,28832,Fear
3827,28833,Sad
3828,28834,Neutral
3829,28835,Happy
3830,28836,Neutral
3831,28837,Happy
3832,28838,Surprise
3833,28839,Fear
3834,28840,Angry
3835,28841,Fear
3836,28842,Neutral
3837,28843,Surprise
3838,28844,Fear
3839,28845,Surprise
3840,28846,Neutral
3841,28847,Sad
3842,28848,Angry
3843,28849,Angry
3844,28850,Happy
3845,28851,Disgust
3846,28852,Sad
3847,28853,Sad
3848,28854,Neutral
3849,28855,Happy
3850,28856,Happy
3851,28857,Happy
3852,28858,Fear
3853,28859,Fear
3854,28860,Angry
3855,28861,Surprise
3856,28862,Happy
3857,28863,Surprise
3858,28864,Fear
3859,28865,Sad
3860,28866,Surprise
3861,28867,Angry
3862,28868,Happy
3863,28869,Angry
3864,28870,Happy
3865,28871,Happy
3866,28872,Angry
3867,28873,Neutral
3868,28874,Neutral
3869,28875,Neutral
3870,28876,Sad
3871,28877,Surprise
3872,28878,Happy
3873,28879,Neutral
3874,28880,Sad
3875,28881,Surprise
3876,28882,Neutral
3877,28883,Neutral
3878,28884,Angry
3879,28885,Angry
3880,28886,Fear
3881,28887,Sad
3882,28888,Surprise
3883,28889,Sad
3884,28890,Happy
3885,28891,Surprise
3886,28892,Happy
3887,28893,Happy
3888,28894,Angry
3889,28895,Sad
3890,28896,Happy
3891,28897,Happy
3892,28898,Happy
3893,28899,Sad
3894,28900,Neutral
3895,28901,Surprise
3896,28902,Surprise
3897,28903,Happy
3898,28904,Neutral
3899,28905,Surprise
3900,28906,Neutral
3901,28907,Angry
3902,28908,Disgust
3903,28909,Happy
3904,28910,Neutral
3905,28911,Happy
3906,28912,Happy
3907,28913,Neutral
3908,28914,Fear
3909,28915,Angry
3910,28916,Sad
3911,28917,Fear
3912,28918,Fear
3913,28919,Neutral
3914,28920,Angry
3915,28921,Angry
3916,28922,Sad
3917,28923,Sad
3918,28924,Fear
3919,28925,Surprise
3920,28926,Sad
3921,28927,Angry
3922,28928,Happy
3923,28929,Happy
3924,28930,Sad
3925,28931,Surprise
3926,28932,Angry
3927,28933,Angry
3928,28934,Happy
3929,28935,Surprise
3930,28936,Neutral
3931,28937,Sad
3932,28938,Happy
3933,28939,Disgust
3934,28940,Neutral
3935,28941,Surprise
3936,28942,Fear
3937,28943,Happy
3938,28944,Sad
3939,28945,Happy
3940,28946,Angry
3941,28947,Angry
3942,28948,Neutral
3943,28949,Happy
3944,28950,Neutral
3945,28951,Neutral
3946,28952,Angry
3947,28953,Disgust
3948,28954,Happy
3949,28955,Happy
3950,28956,Happy
3951,28957,Angry
3952,28958,Neutral
3953,28959,Sad
3954,28960,Fear
3955,28961,Sad
3956,28962,Happy
3957,28963,Happy
3958,28964,Neutral
3959,28965,Contempt
3960,28966,Sad
3961,28967,Fear
3962,28968,Neutral
3963,28969,Angry
3964,28970,Disgust
3965,28971,Angry
3966,28972,Neutral
3967,28973,Fear
3968,28974,Angry
3969,28975,Angry
3970,28976,Happy
3971,28977,Happy
3972,28978,Sad
3973,28979,Fear
3974,28980,Neutral
3975,28981,Surprise
3976,28982,Happy
3977,28983,Surprise
3978,28984,Happy
3979,28985,Sad
3980,28986,Surprise
3981,28987,Disgust
3982,28988,Neutral
3983,28989,Happy
3984,28990,Surprise
3985,28991,Neutral
3986,28992,Fear
3987,28993,Fear
3988,28994,Angry
3989,28995,Angry
3990,28996,Angry
3991,28997,Neutral
3992,28998,Angry
3993,28999,Surprise
3994,29000,Happy
3995,29001,Neutral
3996,29002,Sad
3997,29003,Happy
3998,29004,Neutral
3999,29005,Sad
4000,29006,Neutral
4001,29007,Neutral
4002,29008,Happy
4003,29009,Neutral
4004,29010,Sad
4005,29011,Fear
4006,29012,Happy
4007,29013,Angry
4008,29014,Happy
4009,29015,Surprise
4010,29016,Happy
4011,29017,Happy
4012,29018,Happy
4013,29019,Happy
4014,29020,Happy
4015,29021,Fear
4016,29022,Neutral
4017,29023,Disgust
4018,29024,Angry
4019,29025,Sad
4020,29026,Fear
4021,29027,Fear
4022,29028,Happy
4023,29029,Sad
4024,29030,Fear
4025,29031,Happy
4026,29032,Neutral
4027,29033,Angry
4028,29034,Sad
4029,29035,Angry
4030,29036,Happy
4031,29037,Happy
4032,29038,Surprise
4033,29039,Happy
4034,29040,Happy
4035,29041,Angry
4036,29042,Happy
4037,29043,Fear
4038,29044,Happy
4039,29045,Disgust
4040,29046,Sad
4041,29047,Angry
4042,29048,Happy
4043,29049,Sad
4044,29050,Surprise
4045,29051,Fear
4046,29052,Neutral
4047,29053,Angry
4048,29054,Neutral
4049,29055,Neutral
4050,29056,Happy
4051,29057,Fear
4052,29058,Sad
4053,29059,Neutral
4054,29060,Angry
4055,29061,Neutral
4056,29062,Happy
4057,29063,Sad
4058,29064,Sad
4059,29065,Happy
4060,29066,Angry
4061,29067,Happy
4062,29068,Fear
4063,29069,Fear
4064,29070,Fear
4065,29071,Happy
4066,29072,Neutral
4067,29073,Surprise
4068,29074,Happy
4069,29075,Happy
4070,29076,Happy
4071,29077,Fear
4072,29078,Sad
4073,29079,Happy
4074,29080,Neutral
4075,29081,Sad
4076,29082,Sad
4077,29083,Sad
4078,29084,Fear
4079,29085,Angry
4080,29086,Surprise
4081,29087,Sad
4082,29088,Sad
4083,29089,Angry
4084,29090,Surprise
4085,29091,Happy
4086,29092,Fear
4087,29093,Happy
4088,29094,Neutral
4089,29095,Happy
4090,29096,Surprise
4091,29097,Sad
4092,29098,Disgust
4093,29099,Neutral
4094,29100,Neutral
4095,29101,Happy
4096,29102,Surprise
4097,29103,Angry
4098,29104,Surprise
4099,29105,Fear
4100,29106,Fear
4101,29107,Fear
4102,29108,Angry
4103,29109,Angry
4104,29110,Surprise
4105,29111,Happy
4106,29112,Sad
4107,29113,Fear
4108,29114,Sad
4109,29115,Surprise
4110,29116,Surprise
4111,29117,Surprise
4112,29118,Surprise
4113,29119,Angry
4114,29120,Surprise
4115,29121,Sad
4116,29122,Happy
4117,29123,Happy
4118,29124,Happy
4119,29125,Neutral
4120,29126,Fear
4121,29127,Surprise
4122,29128,Sad
4123,29129,Neutral
4124,29130,Happy
4125,29131,Surprise
4126,29132,Angry
4127,29133,Neutral
4128,29134,Angry
4129,29135,Sad
4130,29136,Happy
4131,29137,Happy
4132,29138,Sad
4133,29139,Sad
4134,29140,Sad
4135,29141,Sad
4136,29142,Neutral
4137,29143,Happy
4138,29144,Neutral
4139,29145,Neutral
4140,29146,Fear
4141,29147,Happy
4142,29148,Angry
4143,29149,Angry
4144,29150,Sad
4145,29151,Neutral
4146,29152,Fear
4147,29153,Angry
4148,29154,Fear
4149,29155,Angry
4150,29156,Surprise
4151,29157,Fear
4152,29158,Disgust
4153,29159,Angry
4154,29160,Happy
4155,29161,Neutral
4156,29162,Sad
4157,29163,Sad
4158,29164,Surprise
4159,29165,Fear
4160,29166,Sad
4161,29167,Angry
4162,29168,Neutral
4163,29169,Surprise
4164,29170,Surprise
4165,29171,Angry
4166,29172,Happy
4167,29173,Neutral
4168,29174,Sad
4169,29175,Fear
4170,29176,Neutral
4171,29177,Happy
4172,29178,Fear
4173,29179,Happy
4174,29180,Surprise
4175,29181,Neutral
4176,29182,Neutral
4177,29183,Neutral
4178,29184,Disgust
4179,29185,Happy
4180,29186,Neutral
4181,29187,Fear
4182,29188,Sad
4183,29189,Angry
4184,29190,Neutral
4185,29191,Happy
4186,29192,Angry
4187,29193,Neutral
4188,29194,Sad
4189,29195,Neutral
4190,29196,Surprise
4191,29197,Happy
4192,29198,Neutral
4193,29199,Fear
4194,29200,Fear
4195,29201,Happy
4196,29202,Angry
4197,29203,Sad
4198,29204,Sad
4199,29205,Surprise
4200,29206,Sad
4201,29207,Sad
4202,29208,Fear
4203,29209,Neutral
4204,29210,Fear
4205,29211,Happy
4206,29212,Surprise
4207,29213,Angry
4208,29214,Happy
4209,29215,Happy
4210,29216,Neutral
4211,29217,Angry
4212,29218,Sad
4213,29219,Fear
4214,29220,Happy
4215,29221,Angry
4216,29222,Surprise
4217,29223,Fear
4218,29224,Happy
4219,29225,Surprise
4220,29226,Sad
4221,29227,Angry
4222,29228,Sad
4223,29229,Happy
4224,29230,Neutral
4225,29231,Sad
4226,29232,Neutral
4227,29233,Happy
4228,29234,Happy
4229,29235,Happy
4230,29236,Surprise
4231,29237,Sad
4232,29238,Fear
4233,29239,Angry
4234,29240,Happy
4235,29241,Surprise
4236,29242,Surprise
4237,29243,Sad
4238,29244,Neutral
4239,29245,Neutral
4240,29246,Neutral
4241,29247,Surprise
4242,29248,Happy
4243,29249,Fear
4244,29250,Neutral
4245,29251,Sad
4246,29252,Happy
4247,29253,Surprise
4248,29254,Angry
4249,29255,Sad
4250,29256,Neutral
4251,29257,Happy
4252,29258,Happy
4253,29259,Angry
4254,29260,Fear
4255,29261,Sad
4256,29262,Sad
4257,29263,Angry
4258,29264,Sad
4259,29265,Fear
4260,29266,Angry
4261,29267,Angry
4262,29268,Neutral
4263,29269,Disgust
4264,29270,Disgust
4265,29271,Surprise
4266,29272,Angry
4267,29273,Fear
4268,29274,Surprise
4269,29275,Neutral
4270,29276,Fear
4271,29277,Fear
4272,29278,Angry
4273,29279,Angry
4274,29280,Happy
4275,29281,Neutral
4276,29282,Angry
4277,29283,Fear
4278,29284,Fear
4279,29285,Fear
4280,29286,Happy
4281,29287,Fear
4282,29288,Fear
4283,29289,Fear
4284,29290,Happy
4285,29291,Fear
4286,29292,Happy
4287,29293,Surprise
4288,29294,Fear
4289,29295,Sad
4290,29296,Surprise
4291,29297,Neutral
4292,29298,Sad
4293,29299,Neutral
4294,29300,Happy
4295,29301,Neutral
4296,29302,Neutral
4297,29303,Happy
4298,29304,Neutral
4299,29305,Sad
4300,29306,Sad
4301,29307,Sad
4302,29308,Angry
4303,29309,Sad
4304,29310,Neutral
4305,29311,Neutral
4306,29312,Neutral
4307,29313,Happy
4308,29314,Sad
4309,29315,Fear
4310,29316,Sad
4311,29317,Sad
4312,29318,Sad
4313,29319,Angry
4314,29320,Surprise
4315,29321,Happy
4316,29322,Sad
4317,29323,Surprise
4318,29324,Neutral
4319,29325,Angry
4320,29326,Neutral
4321,29327,Fear
4322,29328,Disgust
4323,29329,Happy
4324,29330,Fear
4325,29331,Sad
4326,29332,Happy
4327,29333,Happy
4328,29334,Happy
4329,29335,Sad
4330,29336,Fear
4331,29337,contempt
4332,29338,Happy
4333,29339,Neutral
4334,29340,Happy
4335,29341,Angry
4336,29342,Sad
4337,29343,Happy
4338,29344,Angry
4339,29345,Surprise
4340,29346,Fear
4341,29347,Angry
4342,29348,Sad
4343,29349,Fear
4344,29350,Sad
4345,29351,Happy
4346,29352,Neutral
4347,29353,Happy
4348,29354,Surprise
4349,29355,Happy
4350,29356,Sad
4351,29357,Surprise
4352,29358,Happy
4353,29359,Fear
4354,29360,Fear
4355,29361,Fear
4356,29362,Happy
4357,29363,Neutral
4358,29364,Fear
4359,29365,Happy
4360,29366,Fear
4361,29367,Neutral
4362,29368,Surprise
4363,29369,Sad
4364,29370,Happy
4365,29371,Happy
4366,29372,Happy
4367,29373,Happy
4368,29374,Surprise
4369,29375,Neutral
4370,29376,Neutral
4371,29377,Sad
4372,29378,Angry
4373,29379,Sad
4374,29380,Neutral
4375,29381,Sad
4376,29382,Fear
4377,29383,Sad
4378,29384,Neutral
4379,29385,Angry
4380,29386,Sad
4381,29387,Sad
4382,29388,Neutral
4383,29389,Fear
4384,29390,Fear
4385,29391,Surprise
4386,29392,Neutral
4387,29393,Sad
4388,29394,Neutral
4389,29395,Neutral
4390,29396,Happy
4391,29397,Neutral
4392,29398,Happy
4393,29399,Happy
4394,29400,Surprise
4395,29401,Sad
4396,29402,Surprise
4397,29403,Neutral
4398,29404,Happy
4399,29405,Fear
4400,29406,Happy
4401,29407,Fear
4402,29408,Angry
4403,29409,Fear
4404,29410,Happy
4405,29411,Fear
4406,29412,Sad
4407,29413,Surprise
4408,29414,Angry
4409,29415,Happy
4410,29416,Surprise
4411,29417,Happy
4412,29418,Happy
4413,29419,Angry
4414,29420,Sad
4415,29421,Fear
4416,29422,Happy
4417,29423,Happy
4418,29424,Happy
4419,29425,Sad
4420,29426,Fear
4421,29427,Happy
4422,29428,Neutral
4423,29429,Angry
4424,29430,Happy
4425,29431,Happy
4426,29432,Angry
4427,29433,Sad
4428,29434,Angry
4429,29435,Angry
4430,29436,Fear
4431,29437,Neutral
4432,29438,Neutral
4433,29439,Happy
4434,29440,Fear
4435,29441,Neutral
4436,29442,Neutral
4437,29443,Neutral
4438,29444,Fear
4439,29445,Neutral
4440,29446,Sad
4441,29447,Happy
4442,29448,Happy
4443,29449,Neutral
4444,29450,Angry
4445,29451,Angry
4446,29452,Neutral
4447,29453,Happy
4448,29454,Fear
4449,29455,Angry
4450,29456,Happy
4451,29457,Surprise
4452,29458,Happy
4453,29459,Happy
4454,29460,Happy
4455,29461,Angry
4456,29462,Fear
4457,29463,Neutral
4458,29464,Happy
4459,29465,Angry
4460,29466,Surprise
4461,29467,Happy
4462,29468,Sad
4463,29469,Happy
4464,29470,Angry
4465,29471,Angry
4466,29472,Happy
4467,29473,Happy
4468,29474,Happy
4469,29475,Happy
4470,29476,Neutral
4471,29477,Angry
4472,29478,Fear
4473,29479,Happy
4474,29480,Angry
4475,29481,Sad
4476,29482,Fear
4477,29483,Happy
4478,29484,Sad
4479,29485,Happy
4480,29486,Neutral
4481,29487,Neutral
4482,29488,Fear
4483,29489,Sad
4484,29490,Neutral
4485,29491,Fear
4486,29492,Fear
4487,29493,Angry
4488,29494,Neutral
4489,29495,Happy
4490,29496,Fear
4491,29497,Fear
4492,29498,Neutral
4493,29499,Angry
4494,29500,Neutral
4495,29501,Happy
4496,29502,Sad
4497,29503,Angry
4498,29504,Happy
4499,29505,Neutral
4500,29506,Surprise
4501,29507,Angry
4502,29508,Surprise
4503,29509,Happy
4504,29510,Sad
4505,29511,Surprise
4506,29512,Sad
4507,29513,Fear
4508,29514,Happy
4509,29515,Surprise
4510,29516,Neutral
4511,29517,Sad
4512,29518,Sad
4513,29519,Happy
4514,29520,Angry
4515,29521,Sad
4516,29522,Sad
4517,29523,Angry
4518,29524,Sad
4519,29525,Neutral
4520,29526,Happy
4521,29527,Angry
4522,29528,Fear
4523,29529,Sad
4524,29530,Fear
4525,29531,Fear
4526,29532,Angry
4527,29533,Surprise
4528,29534,Neutral
4529,29535,Surprise
4530,29536,Fear
4531,29537,Surprise
4532,29538,Sad
4533,29539,Angry
4534,29540,Surprise
4535,29541,Fear
4536,29542,Surprise
4537,29543,Fear
4538,29544,Angry
4539,29545,Neutral
4540,29546,Sad
4541,29547,Disgust
4542,29548,Angry
4543,29549,Neutral
4544,29550,Sad
4545,29551,Surprise
4546,29552,Sad
4547,29553,Sad
4548,29554,Angry
4549,29555,Happy
4550,29556,Neutral
4551,29557,Surprise
4552,29558,Surprise
4553,29559,Neutral
4554,29560,Sad
4555,29561,Sad
4556,29562,Neutral
4557,29563,Fear
4558,29564,Fear
4559,29565,Sad
4560,29566,Happy
4561,29567,Fear
4562,29568,Surprise
4563,29569,Sad
4564,29570,Surprise
4565,29571,Angry
4566,29572,Angry
4567,29573,Sad
4568,29574,Angry
4569,29575,Disgust
4570,29576,Sad
4571,29577,Happy
4572,29578,Happy
4573,29579,Happy
4574,29580,Happy
4575,29581,Angry
4576,29582,Surpris
4577,29583,Sad
4578,29584,Sad
4579,29585,Sad
4580,29586,Surprise
4581,29587,Happy
4582,29588,Angry
4583,29589,Happy
4584,29590,Neutral
4585,29591,Neutral
4586,29592,Neutral
4587,29593,Surprise
4588,29594,Sad
4589,29595,Fear
4590,29596,Angry
4591,29597,Sad
4592,29598,Surprise
4593,29599,Angry
4594,29600,Surprise
4595,29601,Neutral
4596,29602,Sad
4597,29603,Fear
4598,29604,Neutral
4599,29605,Angry
4600,29606,Happy
4601,29607,Neutral
4602,29608,Neutral
4603,29609,Neutral
4604,29610,Disgust
4605,29611,Fear
4606,29612,Happy
4607,29613,Surprise
4608,29614,Contempt
4609,29615,Happy
4610,29616,Surprise
4611,29617,Sad
4612,29618,Surprise
4613,29619,Surprise
4614,29620,Sad
4615,29621,Neutral
4616,29622,Sad
4617,29623,Sad
4618,29624,Neutral
4619,29625,Sad
4620,29626,Neutral
4621,29627,Sad
4622,29628,Sad
4623,29629,Fear
4624,29630,Disgust
4625,29631,Happy
4626,29632,Sad
4627,29633,Sad
4628,29634,Happy
4629,29635,Fear
4630,29636,Neutral
4631,29637,Neutral
4632,29638,Sad
4633,29639,Neutral
4634,29640,Angry
4635,29641,Surprise
4636,29642,Sad
4637,29643,Happy
4638,29644,Sad
4639,29645,Happy
4640,29646,Surprise
4641,29647,Happy
4642,29648,Happy
4643,29649,Happy
4644,29650,Happy
4645,29651,Neutral
4646,29652,Sad
4647,29653,Angry
4648,29654,Sad
4649,29655,Fear
4650,29656,Neutral
4651,29657,Happy
4652,29658,Happy
4653,29659,Fear
4654,29660,Fear
4655,29661,Angry
4656,29662,Fear
4657,29663,Fear
4658,29664,Sad
4659,29665,Sad
4660,29666,Neutral
4661,29667,Neutral
4662,29668,Happy
4663,29669,Angry
4664,29670,Fear
4665,29671,Angry
4666,29672,Happy
4667,29673,Surprise
4668,29674,Fear
4669,29675,Angry
4670,29676,Fear
4671,29677,Surprise
4672,29678,Happy
4673,29679,Happy
4674,29680,Happy
4675,29681,Neutral
4676,29682,Angry
4677,29683,Neutral
4678,29684,Fear
4679,29685,Angry
4680,29686,Neutral
4681,29687,Sad
4682,29688,Neutral
4683,29689,Sad
4684,29690,Surprise
4685,29691,Surprise
4686,29692,Sad
4687,29693,Sad
4688,29694,Neutral
4689,29695,Happy
4690,29696,Happy
4691,29697,Happy
4692,29698,Fear
4693,29699,Happy
4694,29700,Neutral
4695,29701,Fear
4696,29702,Neutral
4697,29703,Sad
4698,29704,Neutral
4699,29705,Fear
4700,29706,Angry
4701,29707,Happy
4702,29708,Happy
4703,29709,Fear
4704,29710,Neutral
4705,29711,Neutral
4706,29712,Fear
4707,29713,Fear
4708,29714,Neutral
4709,29715,Sad
4710,29716,Fear
4711,29717,Surprise
4712,29718,Fear
4713,29719,Angry
4714,29720,Fear
4715,29721,Neutral
4716,29722,Happy
4717,29723,Fear
4718,29724,Happy
4719,29725,Neutral
4720,29726,Angry
4721,29727,Happy
4722,29728,Sad
4723,29729,Neutral
4724,29730,Angry
4725,29731,Fear
4726,29732,Disgust
4727,29733,Fear
4728,29734,Angry
4729,29735,Fear
4730,29736,Fear
4731,29737,Sad
4732,29738,Neutral
4733,29739,Surprise
4734,29740,Happy
4735,29741,Happy
4736,29742,Happy
4737,29743,Fear
4738,29744,Happy
4739,29745,Happy
4740,29746,Angry
4741,29747,Surprise
4742,29748,Happy
4743,29749,Sad
4744,29750,Neutral
4745,29751,Happy
4746,29752,Neutral
4747,29753,Fear
4748,29754,Fear
4749,29755,Angry
4750,29756,Sad
4751,29757,Sad
4752,29758,Neutral
4753,29759,Happy
4754,29760,Neutral
4755,29761,Sad
4756,29762,Fear
4757,29763,Surprise
4758,29764,Happy
4759,29765,Sad
4760,29766,Happy
4761,29767,Happy
4762,29768,Disgust
4763,29769,Happy
4764,29770,Happy
4765,29771,Surprise
4766,29772,Happy
4767,29773,Happy
4768,29774,Neutral
4769,29775,Happy
4770,29776,Happy
4771,29777,Fear
4772,29778,Happy
4773,29779,Sad
4774,29780,Sad
4775,29781,Sad
4776,29782,Happy
4777,29783,Sad
4778,29784,Fear
4779,29785,Angry
4780,29786,Sad
4781,29787,Neutral
4782,29788,Angry
4783,29789,Happy
4784,29790,Happy
4785,29791,Surprise
4786,29792,Sad
4787,29793,Fear
4788,29794,Neutral
4789,29795,Fear
4790,29796,Surprise
4791,29797,Surprise
4792,29798,Surprise
4793,29799,Angry
4794,29800,Happy
4795,29801,Happy
4796,29802,Happy
4797,29803,Surprise
4798,29804,Sad
4799,29805,Neutral
4800,29806,Happy
4801,29807,Angry
4802,29808,Happy
4803,29809,Neutral
4804,29810,Angry
4805,29811,Happy
4806,29812,Fear
4807,29813,Fear
4808,29814,Disgust
4809,29815,Angry
4810,29816,Sad
4811,29817,Angry
4812,29818,Angry
4813,29819,Sad
4814,29820,Neutral
4815,29821,Happy
4816,29822,Angry
4817,29823,Surprise
4818,29824,Neutral
4819,29825,Sad
4820,29826,Happy
4821,29827,Fear
4822,29828,Happy
4823,29829,Surprise
4824,29830,Angry
4825,29831,Happy
4826,29832,Sad
4827,29833,Surprise
4828,29834,Happy
4829,29835,Neutral
4830,29836,Happy
4831,29837,Happy
4832,29838,Angry
4833,29839,Fear
4834,29840,Neutral
4835,29841,Neutral
4836,29842,Happy
4837,29843,Happy
4838,29844,Happy
4839,29845,Surprise
4840,29846,Fear
4841,29847,Happy
4842,29848,Neutral
4843,29849,Surprise
4844,29850,Angry
4845,29851,Angry
4846,29852,Sad
4847,29853,Neutral
4848,29854,Sad
4849,29855,Angry
4850,29856,Happy
4851,29857,Neutral
4852,29858,Sad
4853,29859,Neutral
4854,29860,Neutral
4855,29861,Sad
4856,29862,Angry
4857,29863,Surprise
4858,29864,Surprise
4859,29865,Happy
4860,29866,Angry
4861,29867,Happy
4862,29868,Angry
4863,29869,Fear
4864,29870,Fear
4865,29871,Fear
4866,29872,Fear
4867,29873,Sad
4868,29874,Surprise
4869,29875,Sad
4870,29876,Surprise
4871,29877,Neutral
4872,29878,Angry
4873,29879,Fear
4874,29880,Fear
4875,29881,Happy
4876,29882,Surprise
4877,29883,Fear
4878,29884,Surprise
4879,29885,Neutral
4880,29886,Surprise
4881,29887,Angry
4882,29888,Fear
4883,29889,Happy
4884,29890,Neutral
4885,29891,Neutral
4886,29892,Neutral
4887,29893,Neutral
4888,29894,Happy
4889,29895,Happy
4890,29896,Surprise
4891,29897,Sad
4892,29898,Happy
4893,29899,Sad
4894,29900,Neutral
4895,29901,Angry
4896,29902,Neutral
4897,29903,Happy
4898,29904,Surprise
4899,29905,Happy
4900,29906,Fear
4901,29907,Happy
4902,29908,Sad
4903,29909,Surprise
4904,29910,Happy
4905,29911,Fear
4906,29912,Fear
4907,29913,Neutral
4908,29914,Sad
4909,29915,Happy
4910,29916,Neutral
4911,29917,Happy
4912,29918,Sad
4913,29919,Happy
4914,29920,Surprise
4915,29921,Neutral
4916,29922,Surprise
4917,29923,Fear
4918,29924,Fear
4919,29925,Fear
4920,29926,Happy
4921,29927,Surprise
4922,29928,Neutral
4923,29929,Angry
4924,29930,Happy
4925,29931,Fear
4926,29932,Happy
4927,29933,Angry
4928,29934,Happy
4929,29935,Fear
4930,29936,Sad
4931,29937,Sad
4932,29938,Neutral
4933,29939,Neutral
4934,29940,Happy
4935,29941,Sad
4936,29942,Sad
4937,29943,Neutral
4938,29944,Neutral
4939,29945,Happy
4940,29946,Happy
4941,29947,Angry
4942,29948,Neutral
4943,29949,Sad
4944,29950,Angry
4945,29951,Disgust
4946,29952,Surprise
4947,29953,Neutral
4948,29954,Happy
4949,29955,Surprise
4950,29956,Sad
4951,29957,Surprise
4952,29958,Happy
4953,29959,Happy
4954,29960,Sad
4955,29961,Happy
4956,29962,Angry
4957,29963,Angry
4958,29964,Sad
4959,29965,Happy
4960,29966,Fear
4961,29967,Happy
4962,29968,Neutral
4963,29969,Neutral
4964,29970,Neutral
4965,29971,Neutral
4966,29972,Sad
4967,29973,Sad
4968,29974,Happy
4969,29975,Happy
4970,29976,Angry
4971,29977,Angry
4972,29978,Neutral
4973,29979,Happy
4974,29980,Angry
4975,29981,Happy
4976,29982,Sad
4977,29983,Fear
4978,29984,Surprise
4979,29985,Sad
4980,29986,Sad
4981,29987,Happy
4982,29988,Happy
4983,29989,Surprise
4984,29990,Fear
4985,29991,Happy
4986,29992,Happy
4987,29993,Happy
4988,29994,Fear
4989,29995,Happy
4990,29996,Neutral
4991,29997,Surprise
4992,29998,Sad
4993,29999,Happy
